Date,Open,High,Low,Close,Volume,Dividends,Stock Splits
2026-05-22 00:00:00-04:00,10.0,10.010000228881836,9.970000267028809,9.970000267028809,2190200,0.0,0.0
2026-05-26 00:00:00-04:00,9.979999542236328,9.989999771118164,9.979999542236328,9.979999542236328,68900,0.0,0.0
2026-05-27 00:00:00-04:00,9.979999542236328,9.989999771118164,9.979999542236328,9.979999542236328,34700,0.0,0.0
2026-05-28 00:00:00-04:00,9.989999771118164,9.989999771118164,9.989999771118164,9.989999771118164,100,0.0,0.0
2026-05-29 00:00:00-04:00,9.989999771118164,10.010000228881836,9.989999771118164,10.010000228881836,375700,0.0,0.0
2026-06-01 00:00:00-04:00,9.989999771118164,10.010000228881836,9.989999771118164,10.0,7200,0.0,0.0
2026-06-02 00:00:00-04:00,10.0,10.010000228881836,9.989999771118164,10.010000228881836,20800,0.0,0.0
2026-06-03 00:00:00-04:00,10.0,10.0,10.0,10.0,29800,0.0,0.0
2026-06-04 00:00:00-04:00,9.989999771118164,9.989999771118164,9.989999771118164,9.989999771118164,200,0.0,0.0
2026-06-05 00:00:00-04:00,10.0,10.0,10.0,10.0,600,0.0,0.0
2026-06-08 00:00:00-04:00,10.0,10.0,10.0,10.0,0,0.0,0.0
2026-06-09 00:00:00-04:00,10.0,10.0,10.0,10.0,0,0.0,0.0
2026-06-10 00:00:00-04:00,10.0,10.020000457763672,10.0,10.0,60100,0.0,0.0
2026-06-11 00:00:00-04:00,10.010000228881836,10.010000228881836,10.0,10.0,600,0.0,0.0
2026-06-12 00:00:00-04:00,10.0,10.0,10.0,10.0,500,0.0,0.0
2026-06-15 00:00:00-04:00,10.0,10.0,10.0,10.0,1000,0.0,0.0
2026-06-16 00:00:00-04:00,10.0,10.0,10.0,10.0,0,0.0,0.0
2026-06-17 00:00:00-04:00,10.0,10.0,10.0,10.0,0,0.0,0.0
2026-06-18 00:00:00-04:00,10.0,10.0,10.0,10.0,0,0.0,0.0
2026-06-22 00:00:00-04:00,10.020000457763672,10.020000457763672,10.020000457763672,10.020000457763672,13200,0.0,0.0
2026-06-23 00:00:00-04:00,10.020000457763672,10.020000457763672,10.020000457763672,10.020000457763672,77100,0.0,0.0
2026-06-24 00:00:00-04:00,10.010000228881836,10.010000228881836,10.010000228881836,10.010000228881836,25000,0.0,0.0
2026-06-25 00:00:00-04:00,10.010000228881836,10.010000228881836,10.010000228881836,10.010000228881836,0,0.0,0.0
2026-06-26 00:00:00-04:00,10.300000190734863,10.300000190734863,10.0,10.029999732971191,3300,0.0,0.0
2026-06-29 00:00:00-04:00,10.029999732971191,10.029999732971191,10.029999732971191,10.029999732971191,0,0.0,0.0
2026-06-30 00:00:00-04:00,10.029999732971191,10.029999732971191,10.029999732971191,10.029999732971191,0,0.0,0.0
2026-07-01 00:00:00-04:00,10.020000457763672,10.020000457763672,10.020000457763672,10.020000457763672,24600,0.0,0.0
2026-07-02 00:00:00-04:00,10.020000457763672,10.020000457763672,10.020000457763672,10.020000457763672,0,0.0,0.0
2026-07-06 00:00:00-04:00,10.100000381469727,10.100000381469727,10.100000381469727,10.100000381469727,200,0.0,0.0
2026-07-07 00:00:00-04:00,10.100000381469727,10.100000381469727,10.100000381469727,10.100000381469727,0,0.0,0.0
2026-07-08 00:00:00-04:00,10.0,10.0,10.0,10.0,500,0.0,0.0
2026-07-09 00:00:00-04:00,10.010000228881836,10.0600004196167,10.010000228881836,10.010000228881836,51900,0.0,0.0
2026-07-10 00:00:00-04:00,10.010000228881836,10.010000228881836,10.010000228881836,10.010000228881836,0,0.0,0.0
2026-07-13 00:00:00-04:00,10.010000228881836,10.010000228881836,10.010000228881836,10.010000228881836,0,0.0,0.0
2026-07-14 00:00:00-04:00,10.100000381469727,10.130000114440918,10.09000015258789,10.09000015258789,10700,0.0,0.0
2026-07-15 00:00:00-04:00,10.09000015258789,10.09000015258789,10.09000015258789,10.09000015258789,0,0.0,0.0
2026-07-16 00:00:00-04:00,10.100000381469727,10.109999656677246,10.0600004196167,10.0600004196167,17500,0.0,0.0
2026-07-17 00:00:00-04:00,10.069999694824219,10.069999694824219,10.069999694824219,10.069999694824219,100000,0.0,0.0
