Date,Open,High,Low,Close,Volume,Dividends,Stock Splits,Capital Gains
2023-11-20 00:00:00-05:00,24.482193310939266,24.50167819313703,24.404255640328845,24.459787368774414,3100,0.0,0.0,0.0
2023-11-21 00:00:00-05:00,23.946371452107222,24.27760700836898,23.946371452107222,24.183107376098633,17100,0.0,0.0,0.0
2023-11-22 00:00:00-05:00,23.97560300183293,24.550394106206905,23.97560300183293,24.295146942138672,14900,0.0,0.0,0.0
2023-11-24 00:00:00-05:00,24.024309147007248,24.50167760021675,24.024309147007248,24.4403018951416,9100,0.0,0.0,0.0
2023-11-27 00:00:00-05:00,24.15095906405319,24.371133025055304,24.15095906405319,24.345802307128906,37500,0.0,0.0,0.0
2023-11-28 00:00:00-05:00,24.404256000427754,24.404256000427754,24.17044298514644,24.18408203125,12100,0.0,0.0,0.0
2023-11-29 00:00:00-05:00,24.199670526013985,24.59910132964284,24.199670526013985,24.286376953125,48600,0.0,0.0,0.0
2023-11-30 00:00:00-05:00,24.316574392852257,24.45783699491707,24.26786404781362,24.326316833496094,23100,0.0,0.0,0.0
2023-12-01 00:00:00-05:00,24.189924277149316,24.98975944519043,24.063276276154568,24.98975944519043,87200,0.0,0.0,0.0
2023-12-04 00:00:00-05:00,24.75497525321963,25.329766251425657,24.75497525321963,25.264493942260742,66900,0.0,0.0,0.0
2023-12-05 00:00:00-05:00,25.203118771347572,25.281056440982457,24.90110867560434,24.930335998535156,34100,0.0,0.0,0.0
2023-12-06 00:00:00-05:00,25.018017265846066,25.32002551737192,24.87285804748535,24.87285804748535,21800,0.0,0.0,0.0
2023-12-07 00:00:00-05:00,24.852398848771802,25.07646942138672,24.832913966410334,25.07646942138672,12100,0.0,0.0,0.0
2023-12-08 00:00:00-05:00,24.910851809298862,25.32002505080541,24.910851809298862,25.243061065673828,47700,0.0,0.0,0.0
2023-12-11 00:00:00-05:00,25.10569275172046,25.339505728326778,25.10569275172046,25.261568069458008,51900,0.0,0.0,0.0
2023-12-12 00:00:00-05:00,25.261571349777192,25.368736341455207,25.115438452694832,25.27618408203125,39800,0.0,0.0,0.0
2023-12-13 00:00:00-05:00,25.193376432190163,26.087711334228516,25.1446642271086,26.087711334228516,34100,0.0,0.0,0.0
2023-12-14 00:00:00-05:00,26.430633610614155,26.97132694543347,26.430633610614155,26.752126693725586,248900,0.0,0.0,0.0
2023-12-15 00:00:00-05:00,26.683936451839323,26.820328777341047,26.48714396093885,26.59820556640625,38600,0.0,0.0,0.0
2023-12-18 00:00:00-05:00,26.635227603456322,26.793052194670462,26.596257834492494,26.713165283203125,33900,0.0,0.0,0.0
2023-12-19 00:00:00-05:00,26.771612462275982,27.307435524037672,26.771612462275982,27.25969886779785,58300,0.0,0.0,0.0
2023-12-20 00:00:00-05:00,27.141821844180242,27.54125266151001,26.789152145385742,26.789152145385742,47600,0.0,0.0,0.0
2023-12-21 00:00:00-05:00,26.98594761824206,27.244115829467773,26.976205176171927,27.244115829467773,46000,0.0,0.0,0.0
2023-12-22 00:00:00-05:00,27.47305884000135,27.580221987453985,27.278213713064268,27.41460418701172,26800,0.0,0.0,0.0
2023-12-26 00:00:00-05:00,27.57047804199979,27.843260833201967,27.482797925476977,27.81403350830078,37600,0.0,0.0,0.0
2023-12-27 00:00:00-05:00,27.93094051723358,27.940682958716454,27.706869937669627,27.86274528503418,68500,0.0,0.0,0.0
2023-12-28 00:00:00-05:00,27.851046246357424,27.919284424817516,27.597588826826424,27.802305221557617,48400,0.018,0.0,0.0
2023-12-29 00:00:00-05:00,27.841296487310714,27.841296487310714,27.412370281103232,27.441614151000977,25000,0.0,0.0,0.0
2024-01-02 00:00:00-05:00,27.11017282676694,27.431868444756695,27.100424249330764,27.217405319213867,51500,0.0,0.0,0.0
2024-01-03 00:00:00-05:00,26.92495247568962,26.941523010224635,26.49699871220415,26.519420623779297,46400,0.0,0.0,0.0
2024-01-04 00:00:00-05:00,26.496024047679757,26.6325003962131,26.427785873413086,26.427785873413086,21300,0.0,0.0,0.0
2024-01-05 00:00:00-05:00,26.320559976096067,26.60326317943904,26.320559976096067,26.359554290771484,28300,0.0,0.0,0.0
2024-01-08 00:00:00-05:00,26.35954773356757,26.876209259033203,26.320553428592383,26.876209259033203,47900,0.0,0.0,0.0
2024-01-09 00:00:00-05:00,26.68124197974185,26.720234423418944,26.418036012356303,26.62080192565918,25200,0.0,0.0,0.0
2024-01-10 00:00:00-05:00,26.690987841155195,26.749479293823242,26.44727903309028,26.749479293823242,33300,0.0,0.0,0.0
2024-01-11 00:00:00-05:00,26.720236330242223,26.720236330242223,26.232818663715587,26.53014373779297,41800,0.0,0.0,0.0
2024-01-12 00:00:00-05:00,26.66174637674673,26.768976997599747,26.486275721631667,26.559389114379883,28100,0.0,0.0,0.0
2024-01-16 00:00:00-05:00,26.281560308721744,26.427787099621646,26.184078260589654,26.330303192138672,33800,0.0,0.0,0.0
2024-01-17 00:00:00-05:00,26.125589928380293,26.125589928380293,25.930623949422895,26.111942291259766,29000,0.0,0.0,0.0
2024-01-18 00:00:00-05:00,26.271816372515172,26.301060246310193,25.99886177453814,26.262067794799805,67900,0.0,0.0,0.0
2024-01-19 00:00:00-05:00,26.47652436525711,26.536964416503906,26.174325968373754,26.536964416503906,33800,0.0,0.0,0.0
2024-01-22 00:00:00-05:00,26.759231418081843,27.112121342966397,26.759231418081843,27.071178436279297,50400,0.0,0.0,0.0
2024-01-23 00:00:00-05:00,27.28563941058046,27.28563941058046,26.915202820305826,26.99513816833496,21400,0.0,0.0,0.0
2024-01-24 00:00:00-05:00,27.305141193704188,27.36363080012034,26.80797489078924,26.845993041992188,16800,0.0,0.0,0.0
2024-01-25 00:00:00-05:00,27.18815607630344,27.295388554904243,26.88498335239414,27.04193115234375,15400,0.0,0.0,0.0
2024-01-26 00:00:00-05:00,27.168659122605753,27.295386886464325,27.061426650559568,27.143312454223633,26000,0.0,0.0,0.0
2024-01-29 00:00:00-05:00,27.197901881910433,27.568340301513672,26.973690230721978,27.568340301513672,52100,0.0,0.0,0.0
2024-01-30 00:00:00-05:00,27.383126975690832,27.597590097777925,27.324637371367263,27.402624130249023,30500,0.0,0.0,0.0
2024-01-31 00:00:00-05:00,27.45136529181572,27.587841655689836,26.853792190551758,26.853792190551758,35500,0.0,0.0,0.0
2024-02-01 00:00:00-05:00,27.041929819166267,27.20765188731063,26.681241815137817,27.14916229248047,29200,0.0,0.0,0.0
2024-02-02 00:00:00-05:00,26.87620884663138,27.1784072681488,26.80797067332268,27.09164810180664,34700,0.0,0.0,0.0
2024-02-05 00:00:00-05:00,26.729984413250598,26.924952220002417,26.56426233531679,26.841115951538086,130400,0.0,0.0,0.0
2024-02-06 00:00:00-05:00,26.720238209190146,26.983444213867188,26.661748605712237,26.983444213867188,29700,0.0,0.0,0.0
2024-02-07 00:00:00-05:00,27.149159759288708,27.149159759288708,26.903500508962523,27.016582489013672,17000,0.0,0.0,0.0
2024-02-08 00:00:00-05:00,27.080928400457882,27.46111361594525,27.080928400457882,27.412372589111328,34900,0.0,0.0,0.0
2024-02-09 00:00:00-05:00,27.578091524237923,27.875414728826666,27.548845795877213,27.81205177307129,44500,0.0,0.0,0.0
2024-02-12 00:00:00-05:00,27.8705410634788,28.416448304744087,27.8705410634788,28.28972053527832,37200,0.0,0.0,0.0
2024-02-13 00:00:00-05:00,27.28564024071115,27.587838667709512,27.051679988259114,27.26419448852539,67700,0.0,0.0,0.0
2024-02-14 00:00:00-05:00,27.57809027072797,27.90953254699707,27.490354948984454,27.90953254699707,29000,0.0,0.0,0.0
2024-02-15 00:00:00-05:00,28.085008909065767,28.650413398010596,28.085008909065767,28.569501876831055,68800,0.0,0.0,0.0
2024-02-16 00:00:00-05:00,28.25072972002221,28.40670323678837,28.102554321289062,28.102554321289062,40900,0.0,0.0,0.0
2024-02-20 00:00:00-05:00,27.753562688099297,27.8802923291416,27.617086329454605,27.68239974975586,51300,0.0,0.0,0.0
2024-02-21 00:00:00-05:00,27.500104350226174,27.617085410422295,27.362653696265465,27.54397201538086,26900,0.0,0.0,0.0
2024-02-22 00:00:00-05:00,27.7730613943092,27.948532070574675,27.656082183032908,27.892967224121094,58600,0.0,0.0,0.0
2024-02-23 00:00:00-05:00,27.870544989184083,28.10450526839511,27.80230680683308,27.9777774810791,47800,0.0,0.0,0.0
2024-02-26 00:00:00-05:00,27.95827668395141,28.250726530027578,27.95827668395141,28.11425018310547,38700,0.0,0.0,0.0
2024-02-27 00:00:00-05:00,28.34333872872886,28.45544457158349,28.309219640005747,28.43594741821289,223900,0.0,0.0,0.0
2024-02-28 00:00:00-05:00,28.162988943660014,28.357956731627695,28.14349365234375,28.14349365234375,36500,0.0,0.0,0.0
2024-02-29 00:00:00-05:00,28.53343045206083,28.674782020643374,28.338462643026226,28.50418472290039,76900,0.0,0.0,0.0
2024-03-01 00:00:00-05:00,28.582172757401906,28.777140575186596,28.42619924691452,28.764467239379883,42900,0.0,0.0,0.0
2024-03-04 00:00:00-05:00,28.864875907254614,29.00622562283006,28.741071026871683,28.764467239379883,33200,0.0,0.0,0.0
2024-03-05 00:00:00-05:00,28.611416732582608,28.732296846567234,28.387205057431096,28.54317855834961,80500,0.0,0.0,0.0
2024-03-06 00:00:00-05:00,28.864871868378597,28.981851055200536,28.562671607162176,28.718645095825195,21900,0.0,0.0,0.0
2024-03-07 00:00:00-05:00,28.923367693791196,29.035473546713323,28.918494334686343,28.981857299804688,21900,0.0,0.0,0.0
2024-03-08 00:00:00-05:00,29.235315386521236,29.387389853008866,28.79761484263978,28.933116912841797,33500,0.0,0.0,0.0
2024-03-11 00:00:00-04:00,28.83562549812745,28.855122648612635,28.601665270357014,28.651382446289062,32200,0.0,0.0,0.0
2024-03-12 00:00:00-04:00,28.699154372745674,28.738146821443138,28.47494082016921,28.660160064697266,28800,0.0,0.0,0.0
2024-03-13 00:00:00-04:00,28.8590253572578,28.8590253572578,28.718648087228658,28.786888122558594,30300,0.0,0.0,0.0
2024-03-14 00:00:00-04:00,28.699153844729445,28.699153844729445,28.026516918077334,28.250728607177734,44500,0.0,0.0,0.0
2024-03-15 00:00:00-04:00,28.13249654316995,28.376787057658934,28.13249654316995,28.23021125793457,29500,0.069,0.0,0.0
2024-03-18 00:00:00-04:00,28.376785168708903,28.445186210006387,28.0445499420166,28.0445499420166,20800,0.0,0.0,0.0
2024-03-19 00:00:00-04:00,27.976146439898915,28.357240876377006,27.94683277356191,28.279067993164062,61200,0.0,0.0,0.0
2024-03-20 00:00:00-04:00,28.132490917617947,28.86536231453527,28.132490917617947,28.787187576293945,42200,0.0,0.0,0.0
2024-03-21 00:00:00-04:00,29.021711029616977,29.246457833666092,29.01682417608326,29.13896942138672,39100,0.0,0.0,0.0
2024-03-22 00:00:00-04:00,29.060796918649054,29.080340605462208,28.79696273803711,28.79696273803711,31800,0.0,0.0,0.0
2024-03-25 00:00:00-04:00,28.757878343332713,28.982625159033265,28.72856281197622,28.73833465576172,30200,0.0,0.0,0.0
2024-03-26 00:00:00-04:00,28.99239284794955,29.04125019608671,28.64843256942032,28.66992950439453,42400,0.0,0.0,0.0
2024-03-27 00:00:00-04:00,28.836048635075088,29.19759750366211,28.806733106356496,29.19759750366211,123200,0.0,0.0,0.0
2024-03-28 00:00:00-04:00,29.226912149163862,29.51028999351474,29.226912149163862,29.36371421813965,55100,0.0,0.0,0.0
2024-04-01 00:00:00-04:00,29.34417510463916,29.353946948151822,29.02171172387559,29.051025390625,40600,0.0,0.0,0.0
2024-04-02 00:00:00-04:00,28.836049214223284,28.836049214223284,28.382645385969454,28.591758728027344,1813100,0.0,0.0,0.0
2024-04-03 00:00:00-04:00,28.337696988082378,28.767648774589937,28.337696988082378,28.728561401367188,43100,0.0,0.0,0.0
2024-04-04 00:00:00-04:00,29.04125128933027,29.099882345848034,28.3767827562248,28.425640106201172,216900,0.0,0.0,0.0
2024-04-05 00:00:00-04:00,28.298609102512664,28.66993168625183,28.298609102512664,28.552671432495117,23100,0.0,0.0,0.0
2024-04-08 00:00:00-04:00,28.6601577360934,28.743217464687312,28.52335566992503,28.630842208862305,50600,0.0,0.0,0.0
2024-04-09 00:00:00-04:00,28.81650463551527,28.81650463551527,28.48524606061913,28.757875442504883,37100,0.0,0.0,0.0
2024-04-10 00:00:00-04:00,27.956605213551665,28.269296753076514,27.844231808021707,28.0445499420166,51000,0.0,0.0,0.0
2024-04-11 00:00:00-04:00,28.215550234380494,28.259522595011585,27.951716070593946,28.20089340209961,31100,0.0,0.0,0.0
2024-04-12 00:00:00-04:00,28.0543196873055,28.122722591819798,27.599941079086264,27.751399993896484,22900,0.0,0.0,0.0
2024-04-15 00:00:00-04:00,27.888204961031338,27.937062316543233,27.213962644993053,27.360536575317383,52800,0.0,0.0,0.0
2024-04-16 00:00:00-04:00,27.243274611253778,27.340014554774715,27.01852780787422,27.28236198425293,22900,0.0,0.0,0.0
2024-04-17 00:00:00-04:00,27.419160561585265,27.42893240358749,26.940351486206055,26.940351486206055,28800,0.0,0.0,0.0
2024-04-18 00:00:00-04:00,27.047842297207218,27.301904620563434,26.896381528344342,26.93058204650879,33900,0.0,0.0,0.0
2024-04-19 00:00:00-04:00,26.871954382429557,27.11624487681528,26.700951781874977,26.901269912719727,47500,0.0,0.0,0.0
2024-04-22 00:00:00-04:00,27.018527095805332,27.35076230238803,26.930582372663533,27.18464469909668,20700,0.0,0.0,0.0
2024-04-23 00:00:00-04:00,27.233502192718728,27.82859304216195,27.233502192718728,27.702539443969727,24300,0.0,0.0,0.0
2024-04-24 00:00:00-04:00,27.80025657623985,27.82957024017878,27.46704289490759,27.6536808013916,29800,0.0,0.0,0.0
2024-04-25 00:00:00-04:00,27.38008018318639,27.487566737756815,27.06738863572945,27.39962387084961,29200,0.0,0.0,0.0
2024-04-26 00:00:00-04:00,27.536425521001163,27.741628646850586,27.42893710434369,27.741628646850586,21500,0.0,0.0,0.0
2024-04-29 00:00:00-04:00,27.81002681595568,27.976144413725685,27.81002681595568,27.94683074951172,12500,0.0,0.0,0.0
2024-04-30 00:00:00-04:00,27.64391160357,27.780713675918857,27.34099006652832,27.34099006652832,23800,0.0,0.0,0.0
2024-05-01 00:00:00-04:00,27.301907094474124,27.94585724704381,27.27259156319603,27.47779655456543,20700,0.0,0.0,0.0
2024-05-02 00:00:00-04:00,27.917516510928024,27.995689392089844,27.557920884825943,27.995689392089844,58400,0.0,0.0,0.0
2024-05-03 00:00:00-04:00,28.454957823081664,28.454957823081664,28.186236786177552,28.308382034301758,25100,0.0,0.0,0.0
2024-05-06 00:00:00-04:00,28.45495665216994,28.669931609058505,28.45495665216994,28.591758728027344,33100,0.0,0.0,0.0
2024-05-07 00:00:00-04:00,28.69924552756461,28.8946767872793,28.660158157348633,28.660158157348633,35000,0.0,0.0,0.0
2024-05-08 00:00:00-04:00,28.52335846974014,28.562443979429812,28.42075504625408,28.538991928100586,21200,0.0,0.0,0.0
2024-05-09 00:00:00-04:00,28.601530183895957,28.785236358642578,28.53312914689333,28.785236358642578,23000,0.0,0.0,0.0
2024-05-10 00:00:00-04:00,28.865365244505398,28.865365244505398,28.454957146021815,28.581987380981445,27000,0.0,0.0,0.0
2024-05-13 00:00:00-04:00,28.74810469371275,28.82627757529761,28.550718307495117,28.550718307495117,23600,0.0,0.0,0.0
2024-05-14 00:00:00-04:00,28.78719032134338,28.87513504646264,28.718789282648075,28.845821380615234,53100,0.0,0.0,0.0
2024-05-15 00:00:00-04:00,29.09988391205965,29.197598617271588,28.972851813222473,29.13896942138672,34700,0.0,0.0,0.0
2024-05-16 00:00:00-04:00,29.070568162004072,29.16828473026431,29.00216712335846,29.03148078918457,28600,0.0,0.0,0.0
2024-05-17 00:00:00-04:00,29.10965381637987,29.10965381637987,28.93278588773782,28.953306198120117,19300,0.0,0.0,0.0
2024-05-20 00:00:00-04:00,28.972851714509762,29.168284851844852,28.972851714509762,28.992395401000977,24800,0.0,0.0,0.0
2024-05-21 00:00:00-04:00,28.894674724065073,29.03147678247589,28.894674724065073,28.92399024963379,23700,0.0,0.0,0.0
2024-05-22 00:00:00-04:00,28.904451151720913,28.943538525347225,28.64061697110897,28.79696273803711,210100,0.0,0.0,0.0
2024-05-23 00:00:00-04:00,28.97285118677333,28.97285118677333,28.279067103069142,28.4451847076416,29700,0.0,0.0,0.0
2024-05-24 00:00:00-04:00,28.640615387324225,28.709016423599238,28.474497786175572,28.679702758789062,25300,0.0,0.0,0.0
2024-05-28 00:00:00-04:00,28.777421612780007,28.875136321637967,28.538016102985353,28.70901870727539,39000,0.0,0.0,0.0
2024-05-29 00:00:00-04:00,28.35723846688711,28.43247960431547,28.286882318836994,28.288837432861328,34800,0.0,0.0,0.0
2024-05-30 00:00:00-04:00,28.43541304252691,28.621074334396496,28.43541304252691,28.552671432495117,14300,0.0,0.0,0.0
2024-05-31 00:00:00-04:00,28.6601577360934,28.72855876917758,28.30837886447375,28.630842208862305,64000,0.0,0.0,0.0
2024-06-03 00:00:00-04:00,28.9142228776672,28.9142228776672,28.318153478807275,28.4647274017334,14800,0.0,0.0,0.0
2024-06-04 00:00:00-04:00,28.33769666962739,28.371897188918688,28.08852119139244,28.103178024291992,24400,0.0,0.0,0.0
2024-06-05 00:00:00-04:00,28.26929445526796,28.5917578121658,28.18134973395142,28.572214126586914,24700,0.0,0.0,0.0
2024-06-06 00:00:00-04:00,28.552671751875522,28.562443595113596,28.337696792003502,28.435413360595703,25600,0.0,0.0,0.0
2024-06-07 00:00:00-04:00,28.20089397443008,28.323039216018863,28.0347763713178,28.152034759521484,55900,0.0,0.0,0.0
2024-06-10 00:00:00-04:00,27.91751632976226,28.220436009325013,27.868658978273864,28.185258865356445,28000,0.0,0.0,0.0
2024-06-11 00:00:00-04:00,28.025003734750815,28.132492140717503,27.849114293637484,28.09340476989746,63000,0.0,0.0,0.0
2024-06-12 00:00:00-04:00,28.709017693948432,28.953308185047952,28.464727202848913,28.54290008544922,34100,0.0,0.0,0.0
2024-06-13 00:00:00-04:00,28.494045460891964,28.494045460891964,28.09340916623313,28.23021125793457,22300,0.0,0.0,0.0
2024-06-14 00:00:00-04:00,27.946832214835148,27.946832214835148,27.663454353985806,27.731855392456055,16900,0.0,0.0,0.0
2024-06-17 00:00:00-04:00,27.634143359691084,27.99569227335375,27.58430751379279,27.93999481201172,37800,0.0,0.0,0.0
2024-06-18 00:00:00-04:00,27.956604301510165,28.14226373217832,27.858887732649357,28.025005340576172,74900,0.0,0.0,0.0
2024-06-20 00:00:00-04:00,27.96637725830078,28.16669539373659,27.8491169982412,27.96637725830078,34500,0.0,0.0,0.0
2024-06-21 00:00:00-04:00,27.842043013628647,28.02804687572517,27.78330318294388,28.01238441467285,48800,0.053,0.0,0.0
2024-06-24 00:00:00-04:00,27.988894238961922,28.316849954086518,27.988894238961922,28.131824493408203,47500,0.0,0.0,0.0
2024-06-25 00:00:00-04:00,28.155318028301146,28.155318028301146,27.969312276584667,28.086790084838867,21500,0.0,0.0,0.0
2024-06-26 00:00:00-04:00,27.890993333114704,28.081893130657534,27.890993333114704,28.064271926879883,24900,0.0,0.0,0.0
2024-06-27 00:00:00-04:00,28.135738154379748,28.341323852539062,28.116158208412877,28.341323852539062,32500,0.0,0.0,0.0
2024-06-28 00:00:00-04:00,28.49795844494916,28.635014326256858,28.351110723837948,28.483272552490234,24500,0.0,0.0,0.0
2024-07-01 00:00:00-04:00,28.50775071154148,28.542014684625645,28.1357391934184,28.2385311126709,34700,0.0,0.0,0.0
2024-07-02 00:00:00-04:00,28.243422860363793,28.330550435943056,28.2140529446679,28.272790908813477,18400,0.0,0.0,0.0
2024-07-03 00:00:00-04:00,28.302161608149103,28.488167344880875,28.2825816638097,28.331531524658203,50800,0.0,0.0,0.0
2024-07-05 00:00:00-04:00,28.3119523901778,28.3119523901778,28.047628735773756,28.09657859802246,49700,0.0,0.0,0.0
2024-07-08 00:00:00-04:00,28.253212832262424,28.424532672372955,28.253212832262424,28.272790908813477,48200,0.0,0.0,0.0
2024-07-09 00:00:00-04:00,28.233635960942667,28.331533823336343,28.145528071513,28.21405601501465,422500,0.0,0.0,0.0
2024-07-10 00:00:00-04:00,28.321743650086113,28.546907424926758,28.214055815489974,28.546907424926758,70800,0.0,0.0,0.0
2024-07-11 00:00:00-04:00,28.987445554649387,29.51609099627335,28.979612456340885,29.486722946166992,88500,0.0,0.0,0.0
2024-07-12 00:00:00-04:00,29.672724575073673,30.015366115935176,29.64825057942203,29.774538040161133,67000,0.0,0.0,0.0
2024-07-15 00:00:00-04:00,30.02515757252234,30.436327068441067,29.922365665354224,30.269901275634766,87900,0.0,0.0,0.0
2024-07-16 00:00:00-04:00,30.55380408429623,31.356563160226695,30.524436033918402,31.34677505493164,124500,0.0,0.0,0.0
2024-07-17 00:00:00-04:00,31.10203018228845,31.54256959397661,30.89644450108522,30.98455238342285,137100,0.0,0.0,0.0
2024-07-18 00:00:00-04:00,30.935607325308474,31.28803702085524,30.28948403835189,30.416749954223633,818400,0.0,0.0,0.0
2024-07-19 00:00:00-04:00,30.436331023851533,30.447099434490536,30.132849315381545,30.230745315551758,37000,0.0,0.0,0.0
2024-07-22 00:00:00-04:00,30.348221690064893,30.82302511079928,30.103477966757918,30.788761138916016,311200,0.0,0.0,0.0
2024-07-23 00:00:00-04:00,30.632124337984017,31.284120087547965,30.602754419906002,31.0628719329834,269100,0.0,0.0,0.0
2024-07-24 00:00:00-04:00,31.004133802872683,31.258667489819654,30.51464637426228,30.553804397583008,139400,0.0,0.0,0.0
2024-07-25 00:00:00-04:00,30.64191080005198,31.356561963071787,30.555761659121703,30.85728645324707,181500,0.0,0.0,0.0
2024-07-26 00:00:00-04:00,31.376144896713765,31.50341267977176,31.05308325338827,31.385936737060547,109500,0.0,0.0,0.0
2024-07-29 00:00:00-04:00,31.483832211299845,31.526905851531087,30.93756367173983,31.121612548828125,115400,0.0,0.0,0.0
2024-07-30 00:00:00-04:00,31.229297189929255,31.376143043267035,30.984553478617514,31.219507217407227,56600,0.0,0.0,0.0
2024-07-31 00:00:00-04:00,31.483828859691467,31.899892395406642,31.12160923577981,31.42704963684082,221800,0.0,0.0,0.0
2024-08-01 00:00:00-04:00,31.444671368274232,31.60130719604985,30.309060683277806,30.553804397583008,91600,0.0,0.0,0.0
2024-08-02 00:00:00-04:00,29.53567215897433,29.702097963008843,29.193030578050752,29.47203826904297,109200,0.0,0.0,0.0
2024-08-05 00:00:00-04:00,27.753935975655466,28.771090360468172,27.666806531239132,28.409849166870117,120100,0.0,0.0,0.0
2024-08-06 00:00:00-04:00,28.703543231396733,29.320298452498044,28.527327453939215,28.967866897583008,97400,0.0,0.0,0.0
2024-08-07 00:00:00-04:00,29.6237800662233,29.6237800662233,28.625225241382353,28.713333129882812,182500,0.0,0.0,0.0
2024-08-08 00:00:00-04:00,29.06576510629341,29.17834699495871,28.762281544938496,29.14408302307129,70400,0.0,0.0,0.0
2024-08-09 00:00:00-04:00,29.35945592511985,29.35945592511985,28.904232464323897,29.124502182006836,38900,0.0,0.0,0.0
2024-08-12 00:00:00-04:00,29.16366154026074,29.16366154026074,28.80144002588036,28.860177993774414,42600,0.0,0.0,0.0
2024-08-13 00:00:00-04:00,29.06576354177273,29.447563132107998,29.019750857859812,29.36239242553711,39500,0.0,0.0,0.0
2024-08-14 00:00:00-04:00,29.49651510289147,29.49651510289147,29.124505434891432,29.28114128112793,58200,0.0,0.0,0.0
2024-08-15 00:00:00-04:00,29.858732490729576,30.132846116951505,29.711886638814597,29.990894317626953,86100,0.0,0.0,0.0
2024-08-16 00:00:00-04:00,29.937050052807805,30.20137370351148,29.937050052807805,30.109350204467773,40600,0.0,0.0,0.0
2024-08-19 00:00:00-04:00,30.260110302970165,30.51464396986116,30.216056363176605,30.49995994567871,55900,0.0,0.0,0.0
2024-08-20 00:00:00-04:00,30.730019584754434,30.730019584754434,30.13382464003438,30.24542808532715,47400,0.0,0.0,0.0
2024-08-21 00:00:00-04:00,30.553805517408673,30.620376586914062,30.307104919881123,30.620376586914062,38500,0.0,0.0,0.0
2024-08-22 00:00:00-04:00,30.72023045243188,30.72023045243188,30.31787246992838,30.348220825195312,48200,0.0,0.0,0.0
2024-08-23 00:00:00-04:00,30.563594353624808,31.33209133399239,30.509752304993842,31.26943588256836,57800,0.0,0.0,0.0
2024-08-26 00:00:00-04:00,31.464249190006857,31.581725119286837,31.26943378914905,31.307613372802734,72500,0.0,0.0,0.0
2024-08-27 00:00:00-04:00,31.1803487231932,31.1803487231932,30.935605015581395,31.08245086669922,42500,0.0,0.0,0.0
2024-08-28 00:00:00-04:00,31.053080140087392,31.07266008432504,30.68204897284135,30.89644432067871,51000,0.0,0.0,0.0
2024-08-29 00:00:00-04:00,31.18035007062918,31.34677587368703,30.808338573325102,31.1118221282959,44500,0.0,0.0,0.0
2024-08-30 00:00:00-04:00,31.346773709698727,31.44466969641877,30.956162598118024,31.31740379333496,46300,0.0,0.0,0.0
2024-09-03 00:00:00-04:00,31.03350604964831,31.131402048919725,30.22585098493367,30.309062957763672,71700,0.0,0.0,0.0
2024-09-04 00:00:00-04:00,30.201375687116556,30.56359535024485,29.966421937919346,30.279693603515625,34400,0.0,0.0,0.0
2024-09-05 00:00:00-04:00,30.348221079974337,30.348221079974337,29.989917038092457,30.142637252807617,52800,0.0,0.0,0.0
2024-09-06 00:00:00-04:00,30.338429389672417,30.338429389672417,29.451478070008022,29.516090393066406,65200,0.0,0.0,0.0
2024-09-09 00:00:00-04:00,29.643360585421522,29.868524363835842,29.584620747120578,29.65315055847168,66200,0.0,0.0,0.0
2024-09-10 00:00:00-04:00,29.780416882624127,29.780416882624127,29.28603537390334,29.662939071655273,41500,0.0,0.0,0.0
2024-09-11 00:00:00-04:00,29.55525310111749,29.72167891076293,29.046185698996556,29.662939071655273,41300,0.0,0.0,0.0
2024-09-12 00:00:00-04:00,29.848943341802496,30.250322886158685,29.68839189750929,30.093687057495117,47600,0.0,0.0,0.0
2024-09-13 00:00:00-04:00,30.426537569037407,30.837707071345196,30.426537569037407,30.827917098999023,68400,0.0,0.0,0.0
2024-09-16 00:00:00-04:00,31.013922568834175,31.013922568834175,30.730018975007926,30.906234741210938,73100,0.0,0.0,0.0
2024-09-17 00:00:00-04:00,31.19013932254641,31.47306075378545,31.023713523335065,31.180349349975586,38200,0.0,0.0,0.0
2024-09-18 00:00:00-04:00,31.327195653975117,31.88227571651043,31.043292047082712,31.190139770507812,68000,0.0,0.0,0.0
2024-09-19 00:00:00-04:00,32.01248265931483,32.03206260709463,31.52299516829929,31.86563491821289,92000,0.0,0.0,0.0
2024-09-20 00:00:00-04:00,31.728279336544997,31.728279336544997,31.50263030472928,31.620359420776367,231200,0.07,0.0,0.0
2024-09-23 00:00:00-04:00,31.8558228828491,31.8558228828491,31.36527863884615,31.49281883239746,94600,0.0,0.0,0.0
2024-09-24 00:00:00-04:00,31.747902962041387,31.747902962041387,31.296603006066928,31.49281883239746,42400,0.0,0.0,0.0
2024-09-25 00:00:00-04:00,31.45357612550737,31.620358724355693,31.08076289993795,31.13962745666504,55400,0.0,0.0,0.0
2024-09-26 00:00:00-04:00,31.59092878842887,31.59092878842887,31.178873130448647,31.296602249145508,68200,0.0,0.0,0.0
2024-09-27 00:00:00-04:00,31.532063779556253,31.79695711547385,31.384901438914486,31.512441635131836,44200,0.0,0.0,0.0
2024-09-30 00:00:00-04:00,31.316224744460097,31.665491792561387,31.179854026487508,31.5664005279541,24900,0.0,0.0,0.0
2024-10-01 00:00:00-04:00,31.512438217470038,31.512438217470038,30.939485135565214,31.178871154785156,294500,0.0,0.0,0.0
2024-10-02 00:00:00-04:00,31.10038760517072,31.34565879489203,31.002278755028062,31.159252166748047,44400,0.0,0.0,0.0
2024-10-03 00:00:00-04:00,30.992466561926186,31.139628896182153,30.829606138557732,30.953222274780273,77700,0.0,0.0,0.0
2024-10-04 00:00:00-04:00,31.404518127441406,31.483006696180112,31.159248835214854,31.404518127441406,44900,0.0,0.0,0.0
2024-10-07 00:00:00-04:00,31.492817668685124,31.492817668685124,30.982655042060582,31.1690616607666,48700,0.0,0.0,0.0
2024-10-08 00:00:00-04:00,31.326035134444247,31.35546647817311,31.115101771791338,31.28679084777832,50700,0.0,0.0,0.0
2024-10-09 00:00:00-04:00,31.365277290751376,31.522252564847836,31.18377714459717,31.335845947265625,23200,0.0,0.0,0.0
2024-10-10 00:00:00-04:00,31.012087914776213,31.13766701066237,30.91692257927149,31.123931884765625,37700,0.0,0.0,0.0
2024-10-11 00:00:00-04:00,31.188681769180185,31.796953201293945,31.17004017289055,31.796953201293945,44000,0.0,0.0,0.0
2024-10-14 00:00:00-04:00,31.885252533214768,31.96962437970534,31.679225645825397,31.95294761657715,619400,0.0,0.0,0.0
2024-10-15 00:00:00-04:00,32.01279221644243,32.25806337157981,31.847970718757946,31.944116592407227,118000,0.0,0.0,0.0
2024-10-16 00:00:00-04:00,32.28749729801278,32.49352418661604,32.087357426589776,32.36598587036133,116300,0.0,0.0,0.0
2024-10-17 00:00:00-04:00,32.44447475295033,32.44447475295033,32.13052790942189,32.316932678222656,121200,0.0,0.0,0.0
2024-10-18 00:00:00-04:00,32.54257752857032,32.54257752857032,32.200179928191695,32.248252868652344,90100,0.0,0.0,0.0
2024-10-21 00:00:00-04:00,32.18939108352798,32.29632671344186,31.669413635820533,31.75771141052246,70900,0.0,0.0,0.0
2024-10-22 00:00:00-04:00,31.757709721511752,31.757709721511752,31.49478124552342,31.590927124023438,50700,0.0,0.0,0.0
2024-10-23 00:00:00-04:00,31.443762409659904,31.546775849216694,31.067027010346358,31.34565544128418,62700,0.0,0.0,0.0
2024-10-24 00:00:00-04:00,31.44376332991465,31.541874043702695,31.198492159256126,31.31622314453125,179800,0.0,0.0,0.0
2024-10-25 00:00:00-04:00,31.561493000870218,31.610550229900458,31.15041976908631,31.218114852905273,35400,0.0,0.0,0.0
2024-10-28 00:00:00-04:00,31.414331657837554,31.77439030145722,31.414331657837554,31.708656311035156,38600,0.0,0.0,0.0
2024-10-29 00:00:00-04:00,31.60074203836208,31.649795532226562,31.283851677544146,31.649795532226562,32900,0.0,0.0,0.0
2024-10-30 00:00:00-04:00,31.639980609017588,31.99317168904109,31.590927124023438,31.590927124023438,47700,0.0,0.0,0.0
2024-10-31 00:00:00-04:00,31.747901153568616,31.747901153568616,31.208303451538086,31.208303451538086,326200,0.0,0.0,0.0
2024-11-01 00:00:00-04:00,31.610553220831736,31.610553220831736,31.276982370315757,31.365280151367188,172600,0.0,0.0,0.0
2024-11-04 00:00:00-05:00,31.345655956511674,31.7792929555059,31.247547115252868,31.590927124023438,45300,0.0,0.0,0.0
2024-11-05 00:00:00-05:00,31.61054955829998,32.34636306762695,31.590927415613002,32.34636306762695,41300,0.0,0.0,0.0
2024-11-06 00:00:00-05:00,33.91609974867218,34.33796649356789,33.5040459471692,34.15156173706055,141500,0.0,0.0,0.0
2024-11-07 00:00:00-05:00,34.28891647851168,34.416458557750985,33.979872353529586,34.082889556884766,81800,0.0,0.0,0.0
2024-11-08 00:00:00-05:00,34.12212459246136,34.42528165032753,34.00145383931915,34.3772087097168,87100,0.0,0.0,0.0
2024-11-11 00:00:00-05:00,34.94623845281291,34.99529194279526,34.680364570014696,34.857940673828125,349200,0.0,0.0,0.0
2024-11-12 00:00:00-05:00,34.808887764530304,34.86775419901598,34.17118489903875,34.23986053466797,184200,0.0,0.0,0.0
2024-11-13 00:00:00-05:00,34.46550686081745,34.60776459266851,33.994586649797284,34.04364013671875,465400,0.0,0.0,0.0
2024-11-14 00:00:00-05:00,34.2889165533772,34.2889165533772,33.46480512252847,33.68064498901367,131800,0.0,0.0,0.0
2024-11-15 00:00:00-05:00,33.79837146444051,33.79837146444051,32.96444715480702,33.08218002319336,132800,0.0,0.0,0.0
2024-11-18 00:00:00-05:00,33.29801613015213,33.32745121851943,33.00663682437658,33.08218002319336,320000,0.0,0.0,0.0
2024-11-19 00:00:00-05:00,32.69955832270132,33.33726119995117,32.5622033063688,33.33726119995117,81900,0.0,0.0,0.0
2024-11-20 00:00:00-05:00,33.49422732829591,33.49422732829591,33.02821364472128,33.40592956542969,59600,0.0,0.0,0.0
2024-11-21 00:00:00-05:00,33.680641957539265,34.04364227460333,33.43537076498815,33.93572235107422,418500,0.0,0.0,0.0
2024-11-22 00:00:00-05:00,34.20061294386496,34.59304457493306,34.171181600733654,34.54399108886719,78000,0.0,0.0,0.0
2024-11-25 00:00:00-05:00,34.91680569779413,35.44659235031619,34.91680569779413,35.10321044921875,114700,0.0,0.0,0.0
2024-11-26 00:00:00-05:00,35.02472997313254,35.02472997313254,34.62248533341975,34.88737869262695,139600,0.0,0.0,0.0
2024-11-27 00:00:00-05:00,35.26018305334438,35.268034904682196,34.747076918803955,34.84812927246094,598800,0.0,0.0,0.0
2024-11-29 00:00:00-05:00,35.073775875632315,35.250371410213596,34.89031277851222,35.00510025024414,22200,0.0,0.0,0.0
2024-12-02 00:00:00-05:00,35.06396266040368,35.171878814697266,34.68428193028113,35.171878814697266,104800,0.0,0.0,0.0
2024-12-03 00:00:00-05:00,35.27980519660661,35.27980519660661,34.71077801216646,34.84812927246094,52200,0.0,0.0,0.0
2024-12-04 00:00:00-05:00,35.07378101630708,35.11302530586394,34.805946038037305,35.044349670410156,100100,0.0,0.0,0.0
2024-12-05 00:00:00-05:00,35.181700620077564,35.181700620077564,34.558709692310515,34.573429107666016,107600,0.0,0.0,0.0
2024-12-06 00:00:00-05:00,34.7402111255892,34.901110463011655,34.556748006409215,34.67153549194336,594200,0.0,0.0,0.0
2024-12-09 00:00:00-05:00,34.92661121292793,34.94623335456651,34.38701541675999,34.41645050048828,109700,0.0,0.0,0.0
2024-12-10 00:00:00-05:00,34.4556895587129,34.563609461811225,34.1515557327529,34.25947189331055,94900,0.0,0.0,0.0
2024-12-11 00:00:00-05:00,34.8677527620937,34.8677527620937,34.26929046838082,34.485130310058594,293700,0.0,0.0,0.0
2024-12-12 00:00:00-05:00,34.514560347738914,34.514560347738914,33.94847480022382,34.04364013671875,126600,0.0,0.0,0.0
2024-12-13 00:00:00-05:00,34.0730722291316,34.0730722291316,33.5923428071794,33.77874755859375,63600,0.0,0.0,0.0
2024-12-16 00:00:00-05:00,33.91610086402973,34.06326507942974,33.592344829707756,33.955345153808594,113500,0.0,0.0,0.0
2024-12-17 00:00:00-05:00,33.788551447087826,33.920019415008625,33.397100407897554,33.5040397644043,388000,0.0,0.0,0.0
2024-12-18 00:00:00-05:00,33.7002589287724,33.73950321612441,31.71847107053202,32.05203628540039,131600,0.0,0.0,0.0
2024-12-19 00:00:00-05:00,32.62106625466065,32.67011974112184,31.836199243658243,31.963741302490234,225000,0.0,0.0,0.0
2024-12-20 00:00:00-05:00,31.853323789303037,32.58286233947867,31.853323789303037,32.17865753173828,317500,0.158,0.0,0.0
2024-12-23 00:00:00-05:00,32.178660193727396,32.267388269146046,31.774455352549047,32.119510650634766,254900,0.0,0.0,0.0
2024-12-24 00:00:00-05:00,32.12936613822322,32.42512512207031,32.055425452066565,32.42512512207031,198600,0.0,0.0,0.0
2024-12-26 00:00:00-05:00,32.434991033745284,32.730750064532415,32.183594165225166,32.68145751953125,128800,0.0,0.0,0.0
2024-12-27 00:00:00-05:00,32.395544541305426,32.56116924169023,31.81585432917978,32.139217376708984,100100,0.0,0.0,0.0
2024-12-30 00:00:00-05:00,31.774449100043437,32.0800688020751,31.46883127840125,31.902612686157227,175900,0.0,0.0,0.0
2024-12-31 00:00:00-05:00,32.208234173778564,32.26738747619724,31.794172339186623,31.892757415771484,3264700,0.0,0.0,0.0
2025-01-02 00:00:00-05:00,32.28710342578616,32.451742826096414,31.780368488680637,31.991344451904297,122300,0.0,0.0,0.0
2025-01-03 00:00:00-05:00,32.089935171819725,32.48231239818394,31.99233540780604,32.46456527709961,3202600,0.0,0.0,0.0
2025-01-06 00:00:00-05:00,32.71102488662581,32.83819939828203,32.415265922816346,32.50399398803711,4406900,0.0,0.0,0.0
2025-01-07 00:00:00-05:00,32.7208831756475,32.730743939270454,31.902616551574933,32.18851852416992,4340700,0.0,0.0,0.0
2025-01-08 00:00:00-05:00,32.0012013955811,32.21809306439086,31.646289123266733,32.17865753173828,4322000,0.0,0.0,0.0
2025-01-10 00:00:00-05:00,31.991345166959697,31.991345166959697,31.202651418330074,31.45897674560547,4429600,0.0,0.0,0.0
2025-01-13 00:00:00-05:00,31.133640997296084,31.636432766545795,31.064630694134507,31.547704696655273,4195800,0.0,0.0,0.0
2025-01-14 00:00:00-05:00,31.932191729958518,32.05937000902383,31.636432750731114,32.02091979980469,626500,0.0,0.0,0.0
2025-01-15 00:00:00-05:00,32.84904682494172,32.908200124427005,32.45174304397517,32.760318756103516,246900,0.0,0.0,0.0
2025-01-16 00:00:00-05:00,32.68145225533247,32.84904763349687,32.47441758242769,32.79975509643555,377900,0.0,0.0,0.0
2025-01-17 00:00:00-05:00,33.1152338215087,33.1152338215087,32.78003928440987,32.89834213256836,664500,0.0,0.0,0.0
2025-01-21 00:00:00-05:00,33.2631136389511,33.578590393066406,33.14480703557319,33.578590393066406,243400,0.0,0.0,0.0
2025-01-22 00:00:00-05:00,33.73632942133778,33.73632942133778,33.381417125912286,33.42085266113281,276000,0.0,0.0,0.0
2025-01-23 00:00:00-05:00,33.47999712000303,33.549007415771484,33.146777052086506,33.549007415771484,183300,0.0,0.0,0.0
2025-01-24 00:00:00-05:00,33.78562172917776,33.78562172917776,33.2729710571518,33.41099166870117,169400,0.0,0.0,0.0
2025-01-27 00:00:00-05:00,33.50957672408416,33.50957672408416,32.8096092204306,33.03635787963867,316100,0.0,0.0,0.0
2025-01-28 00:00:00-05:00,33.07579220367217,33.26409441043626,32.87861831914183,33.164520263671875,233600,0.0,0.0,0.0
2025-01-29 00:00:00-05:00,33.21381897635503,33.43071066578412,32.87862443850086,33.28282928466797,155100,0.0,0.0,0.0
2025-01-30 00:00:00-05:00,33.65745812097637,33.65745812097637,33.1448074489504,33.41099166870117,168500,0.0,0.0,0.0
2025-01-31 00:00:00-05:00,33.51943864390473,33.61802372383961,32.899327434421885,33.08565902709961,125200,0.0,0.0,0.0
2025-02-03 00:00:00-05:00,32.17866059360682,32.992985992548235,32.149085821692985,32.711029052734375,113600,0.0,0.0,0.0
2025-02-04 00:00:00-05:00,32.63215622544128,33.19409942626953,32.63215622544128,33.19409942626953,97300,0.0,0.0,0.0
2025-02-05 00:00:00-05:00,33.28282661870434,33.53915382400316,33.164523779755356,33.529293060302734,107500,0.0,0.0,0.0
2025-02-06 00:00:00-05:00,33.687033121922305,33.687033121922305,33.196074623311354,33.42085266113281,339300,0.0,0.0,0.0
2025-02-07 00:00:00-05:00,33.42084789522293,33.42084789522293,32.90819729280041,32.996925354003906,215900,0.0,0.0,0.0
2025-02-10 00:00:00-05:00,33.27296875333701,33.27296875333701,32.90819948224457,33.10537338256836,146400,0.0,0.0,0.0
2025-02-11 00:00:00-05:00,33.04622333847047,33.04622333847047,32.73074657119751,32.888484954833984,151500,0.0,0.0,0.0
2025-02-12 00:00:00-05:00,32.47442201736676,32.750467032011976,32.24767330729465,32.64202117919922,186200,0.0,0.0,0.0
2025-02-13 00:00:00-05:00,32.8096096223274,33.06593681294015,32.653845668267735,33.05607604980469,57700,0.0,0.0,0.0
2025-02-14 00:00:00-05:00,33.134946705889476,33.22367476912561,32.908198046681406,33.03635787963867,182800,0.0,0.0,0.0
2025-02-18 00:00:00-05:00,33.016643477551945,33.292684666171496,32.927915415384355,33.203956604003906,124500,0.0,0.0,0.0
2025-02-19 00:00:00-05:00,32.83918797667513,33.174382466696514,32.83918797667513,33.04621887207031,234800,0.0,0.0,0.0
2025-02-20 00:00:00-05:00,32.77018016227467,32.90327038775181,32.39653543730842,32.60258102416992,315200,0.0,0.0,0.0
2025-02-21 00:00:00-05:00,32.8490470911341,32.8490470911341,31.62558655977209,31.636432647705078,216000,0.0,0.0,0.0
2025-02-24 00:00:00-05:00,31.843463387775206,31.843463387775206,31.21744028311084,31.439258575439453,127100,0.0,0.0,0.0
2025-02-25 00:00:00-05:00,31.360390232981594,31.554606289908097,30.921680257579467,31.291379928588867,250000,0.0,0.0,0.0
2025-02-26 00:00:00-05:00,31.4491175771234,31.735017671622572,31.1947647809899,31.35053062438965,62800,0.0,0.0,0.0
2025-02-27 00:00:00-05:00,31.330813342955896,31.43925729378313,30.778727184387858,30.808303833007812,77000,0.0,0.0,0.0
2025-02-28 00:00:00-05:00,30.719576086716447,31.20265007019043,30.583526134196568,31.20265007019043,81500,0.0,0.0,0.0
2025-03-03 00:00:00-05:00,31.22236925953076,31.37714978048806,30.1872109449506,30.325231552124023,231200,0.0,0.0,0.0
2025-03-04 00:00:00-05:00,29.76328797611109,30.364664814181996,29.378799049041156,29.832298278808594,2586700,0.0,0.0,0.0
2025-03-05 00:00:00-05:00,29.842157465403314,30.275937052593342,29.62526579141856,30.22664451599121,109100,0.0,0.0,0.0
2025-03-06 00:00:00-05:00,29.723852275336576,30.128057086334252,29.497103601926113,29.63512420654297,467200,0.0,0.0,0.0
2025-03-07 00:00:00-05:00,29.497105700593796,29.841171912408296,29.043606441117483,29.64498519897461,5100800,0.0,0.0,0.0
2025-03-10 00:00:00-04:00,29.191486313783766,29.396546576304164,28.58517908543134,28.90558433532715,286500,0.0,0.0,0.0
2025-03-11 00:00:00-04:00,28.816855627992137,29.35415254081329,28.62954248802858,29.063322067260742,377700,0.0,0.0,0.0
2025-03-12 00:00:00-04:00,29.467525852433816,29.467525852433816,28.935159339930454,29.201343536376953,439500,0.0,0.0,0.0
2025-03-13 00:00:00-04:00,29.181626351223816,29.22007467892715,28.538841465969398,28.75770378112793,99600,0.0,0.0,0.0
2025-03-14 00:00:00-04:00,29.12247518522338,29.52667999267578,28.940088667419722,29.52667999267578,222100,0.0,0.0,0.0
2025-03-17 00:00:00-04:00,29.437953712894615,30.009755807956267,29.437953712894615,29.901309967041016,167700,0.0,0.0,0.0
2025-03-18 00:00:00-04:00,29.713995707733176,29.72188394317581,29.437954476987322,29.654844284057617,97900,0.0,0.0,0.0
2025-03-19 00:00:00-04:00,29.694279971871076,30.305515740552277,29.575975243525434,30.13791847229004,111900,0.0,0.0,0.0
2025-03-20 00:00:00-04:00,29.93088378515619,30.2956530476146,29.88651975265291,29.950599670410156,95900,0.0,0.0,0.0
2025-03-21 00:00:00-04:00,29.425326391156496,29.90897504352896,29.425326391156496,29.821760177612305,137600,0.16,0.0,0.0
2025-03-24 00:00:00-04:00,30.18846080759567,30.644361081083566,30.18846080759567,30.614627838134766,221400,0.0,0.0,0.0
2025-03-25 00:00:00-04:00,30.57498909933457,30.684007222630143,30.36091501720091,30.46596908569336,112900,0.0,0.0,0.0
2025-03-26 00:00:00-04:00,30.495700257081705,30.505611338587904,29.94069103480761,30.128997802734375,153600,0.0,0.0,0.0
2025-03-27 00:00:00-04:00,30.05961817218287,30.247924915362873,29.851491158940707,29.980331420898438,125200,0.0,0.0,0.0
2025-03-28 00:00:00-04:00,29.7127405445979,29.920869466524785,29.101242153942785,29.246931076049805,151600,0.0,0.0,0.0
2025-03-31 00:00:00-04:00,28.77121011814764,29.29648417535863,28.507580658206724,29.21719741821289,497400,0.0,0.0,0.0
2025-04-01 00:00:00-04:00,29.14782215562488,29.455058107631263,28.771210526424678,29.246931076049805,310600,0.0,0.0,0.0
2025-04-02 00:00:00-04:00,28.860407299896213,29.792026202585728,28.860407299896213,29.7226505279541,106700,0.0,0.0,0.0
2025-04-03 00:00:00-04:00,28.226113060499625,28.57299334481745,27.591818979698207,27.720659255981445,314900,0.0,0.0,0.0
2025-04-04 00:00:00-04:00,26.61064383448545,26.907968703558637,25.788043013681182,26.412425994873047,380200,0.0,0.0,0.0
2025-04-07 00:00:00-04:00,25.401520828736874,27.354951037362234,24.96841807833452,26.36287498474121,382000,0.0,0.0,0.0
2025-04-08 00:00:00-04:00,27.413422210342112,27.413422210342112,25.223124367922324,25.69884490966797,459200,0.0,0.0,0.0
2025-04-09 00:00:00-04:00,25.599736086755726,28.361891777085802,25.16861446233077,27.740480422973633,424200,0.0,0.0,0.0
2025-04-10 00:00:00-04:00,27.373780246280052,27.373780246280052,26.08536806070109,26.7493953704834,254700,0.0,0.0,0.0
2025-04-11 00:00:00-04:00,26.848503483717824,27.106185913085938,26.11807403202257,27.106185913085938,185500,0.0,0.0,0.0
2025-04-14 00:00:00-04:00,27.56208556205844,27.56208556205844,26.789040128540552,27.383689880371094,350600,0.0,0.0,0.0
2025-04-15 00:00:00-04:00,27.462975062520982,27.79003505372537,27.29449236209984,27.453065872192383,174900,0.0,0.0,0.0
2025-04-16 00:00:00-04:00,27.363869850156213,27.45306769178849,26.779129284053713,27.076454162597656,374100,0.0,0.0,0.0
2025-04-17 00:00:00-04:00,27.13591789590701,27.443155736341183,27.056631138131028,27.244937896728516,500100,0.0,0.0,0.0
2025-04-21 00:00:00-04:00,26.878238825241187,26.991220996251656,26.36287392625537,26.610645294189453,300900,0.0,0.0,0.0
2025-04-22 00:00:00-04:00,26.967435102751885,27.44315757156652,26.943650775139417,27.284584045410156,165900,0.0,0.0,0.0
2025-04-23 00:00:00-04:00,28.236023128400838,28.543259076468996,27.722641233401806,27.740480422973633,204500,0.0,0.0,0.0
2025-04-24 00:00:00-04:00,27.998164425653627,28.731567443944332,27.73750846406334,28.503618240356445,477100,0.0,0.0,0.0
2025-04-25 00:00:00-04:00,28.444151503655714,28.454060694070787,28.047715834619595,28.394596099853516,145900,0.0,0.0,0.0
2025-04-28 00:00:00-04:00,28.582903505431606,28.681019993610338,28.136914312768067,28.533349990844727,138400,0.0,0.0,0.0
2025-04-29 00:00:00-04:00,28.354955738135807,28.791031981372925,28.236024650669453,28.7315673828125,142100,0.0,0.0,0.0
2025-04-30 00:00:00-04:00,28.176557994159943,28.483793936352104,27.816793134902912,28.394596099853516,124900,0.0,0.0,0.0
2025-05-01 00:00:00-04:00,28.800942017285074,28.865363099421707,28.374774980658085,28.563081741333008,202600,0.0,0.0,0.0
2025-05-02 00:00:00-04:00,28.989248721438877,29.38171845954639,28.93969520625835,29.207286834716797,152600,0.0,0.0,0.0
2025-05-05 00:00:00-04:00,29.03880152636777,29.34603936207777,29.03384693110907,29.108179092407227,437600,0.0,0.0,0.0
2025-05-06 00:00:00-04:00,28.8901407191465,28.989249643003646,28.657236921979525,28.810853958129883,135000,0.0,0.0,0.0
2025-05-07 00:00:00-04:00,29.128000443578085,29.128000443578085,28.7513888085582,29.04871368408203,88400,0.0,0.0,0.0
2025-05-08 00:00:00-04:00,29.39559436952891,29.689947626037775,29.058625164455783,29.49470329284668,64800,0.0,0.0,0.0
2025-05-09 00:00:00-04:00,29.474883226960717,29.702832443566084,29.24693401035535,29.41541862487793,105500,0.0,0.0,0.0
2025-05-12 00:00:00-04:00,30.63445086731953,30.63445086731953,30.04971030519112,30.446144104003906,167000,0.0,0.0,0.0
2025-05-13 00:00:00-04:00,30.485787978788665,30.663191226852398,30.406501220197157,30.64436149597168,335000,0.0,0.0,0.0
2025-05-14 00:00:00-04:00,30.60471891679729,30.60471891679729,30.247929427961605,30.30739402770996,111000,0.0,0.0,0.0
2025-05-15 00:00:00-04:00,30.168641178590338,30.396590375017073,29.970423335400298,30.337125778198242,54500,0.0,0.0,0.0
2025-05-16 00:00:00-04:00,30.446143061385822,30.713736575300352,30.355954682425523,30.69391441345215,92700,0.0,0.0,0.0
2025-05-19 00:00:00-04:00,30.13890751546837,30.555163468096733,30.13890751546837,30.538314819335938,48400,0.0,0.0,0.0
2025-05-20 00:00:00-04:00,30.535341080616707,30.693914595652824,30.41145540384815,30.614627838134766,105100,0.0,0.0,0.0
2025-05-21 00:00:00-04:00,30.33712565345142,30.41641241233232,29.66318725779106,29.772207260131836,99200,0.0,0.0,0.0
2025-05-22 00:00:00-04:00,29.63345300740184,29.95060003214894,29.58389949366462,29.79202651977539,155300,0.0,0.0,0.0
2025-05-23 00:00:00-04:00,29.455059403503295,29.772208340885072,29.43920318535879,29.71274185180664,60400,0.0,0.0,0.0
2025-05-27 00:00:00-04:00,30.26775080730922,30.436233520507812,29.940690791301144,30.436233520507812,74200,0.0,0.0,0.0
2025-05-28 00:00:00-04:00,30.456054422297445,30.49074226067799,30.11611171582269,30.158729553222656,152000,0.0,0.0,0.0
2025-05-29 00:00:00-04:00,30.505609643299913,30.505609643299913,29.985288290040575,30.23801612854004,148400,0.0,0.0,0.0
2025-05-30 00:00:00-04:00,30.16864212875917,30.23702726791009,29.83167291893044,30.128997802734375,104500,0.0,0.0,0.0
2025-06-02 00:00:00-04:00,30.00015487020071,30.257837295532227,29.684988933356106,30.257837295532227,63000,0.0,0.0,0.0
2025-06-03 00:00:00-04:00,30.24792909405478,30.77320318500026,30.233061526522658,30.654273986816406,203500,0.0,0.0,0.0
2025-06-04 00:00:00-04:00,30.882221353637743,30.882221353637743,30.54525216159964,30.614627838134766,153100,0.0,0.0,0.0
2025-06-05 00:00:00-04:00,30.723647838601625,30.820773785750802,30.416411889512325,30.614627838134766,74300,0.0,0.0,0.0
2025-06-06 00:00:00-04:00,31.080439609130927,31.080439609130927,30.822757171157548,31.060617446899414,54200,0.0,0.0,0.0
2025-06-09 00:00:00-04:00,31.219189783309062,31.298476538890952,31.017007894954364,31.159725189208984,64500,0.0,0.0,0.0
2025-06-10 00:00:00-04:00,31.466962185018968,31.466962185018968,31.14981515206617,31.328210830688477,73900,0.0,0.0,0.0
2025-06-11 00:00:00-04:00,31.37776237464102,31.47687128879937,31.059624820669104,31.139902114868164,78700,0.0,0.0,0.0
2025-06-12 00:00:00-04:00,31.050706050824058,31.09629551121776,30.8544711835516,30.991241455078125,325600,0.0,0.0,0.0
2025-06-13 00:00:00-04:00,30.684006409690912,30.753383983117185,30.294510153005348,30.406503677368164,98500,0.0,0.0,0.0
2025-06-16 00:00:00-04:00,30.72364765622445,30.881230629330478,30.50560954693043,30.69391441345215,255000,0.0,0.0,0.0
2025-06-17 00:00:00-04:00,30.614628704792523,30.691934382509658,30.396590588031856,30.446144104003906,53200,0.0,0.0,0.0
2025-06-18 00:00:00-04:00,30.545253669106806,30.792034493828677,30.390644200764303,30.584897994995117,75400,0.0,0.0,0.0
2025-06-20 00:00:00-04:00,30.5789458864555,30.856576424806356,30.433190846703045,30.5888614654541,82100,0.014,0.0,0.0
2025-06-23 00:00:00-04:00,30.549199892149375,30.94383162459306,30.112925752824495,30.886322021484375,365400,0.0,0.0,0.0
2025-06-24 00:00:00-04:00,31.124290497515286,31.451497050216663,30.980519325403556,31.411836624145508,318400,0.0,0.0,0.0
2025-06-25 00:00:00-04:00,31.550651123299662,31.550651123299662,31.05488350189972,31.07471466064453,84600,0.0,0.0,0.0
2025-06-26 00:00:00-04:00,31.362259843324395,31.610143661499023,31.079672441901597,31.610143661499023,200800,0.0,0.0,0.0
2025-06-27 00:00:00-04:00,31.848110525477164,31.89768653049107,31.392005227498444,31.669635772705078,206500,0.0,0.0,0.0
2025-06-30 00:00:00-04:00,31.91751940765504,31.91751940765504,31.622043451584272,31.719213485717773,136100,0.0,0.0,0.0
2025-07-01 00:00:00-04:00,31.50107828317004,32.330000377004545,31.46141596169477,32.00675964355469,243200,0.0,0.0,0.0
2025-07-02 00:00:00-04:00,31.927433666386772,32.393452630612906,31.821337162563584,32.35379409790039,1158300,0.0,0.0,0.0
2025-07-03 00:00:00-04:00,32.37362716158874,32.68000967526768,32.37362716158874,32.64133834838867,82500,0.0,0.0,0.0
2025-07-07 00:00:00-04:00,32.363710209693075,32.66117003055434,31.980979809104483,32.1257438659668,190600,0.0,0.0,0.0
2025-07-08 00:00:00-04:00,32.27446946766225,32.49260841841058,32.170358727279606,32.35379409790039,109500,0.0,0.0,0.0
2025-07-09 00:00:00-04:00,32.46286008458045,32.67108154296875,32.30123786992228,32.67108154296875,306900,0.0,0.0,0.0
2025-07-10 00:00:00-04:00,32.4727769764224,33.00820687862037,32.462863288932745,32.8198127746582,94000,0.0,0.0,0.0
2025-07-11 00:00:00-04:00,32.54218442110614,32.631422738920776,32.32404547035781,32.35379409790039,116400,0.0,0.0,0.0
2025-07-14 00:00:00-04:00,32.423201017305004,32.6215088090207,32.28041895338092,32.61159133911133,153400,0.0,0.0,0.0
2025-07-15 00:00:00-04:00,32.859477193949694,32.859477193949694,31.96709774887289,31.98692512512207,91700,0.0,0.0,0.0
2025-07-16 00:00:00-04:00,32.17531856389564,32.31413288915858,31.71921138042643,32.264556884765625,306300,0.0,0.0,0.0
2025-07-17 00:00:00-04:00,32.26455231270324,32.750402382275944,32.26455231270324,32.67108154296875,133200,0.0,0.0,0.0
2025-07-18 00:00:00-04:00,32.938805670678526,32.938805670678526,32.35379966051463,32.482696533203125,107100,0.0,0.0,0.0
2025-07-21 00:00:00-04:00,32.591763519133615,32.76032648319529,32.294303692303096,32.34387969970703,118400,0.0,0.0,0.0
2025-07-22 00:00:00-04:00,32.43311779276572,32.710750240563705,32.255632132073465,32.601680755615234,161100,0.0,0.0,0.0
2025-07-23 00:00:00-04:00,32.98837911734267,33.127193450927734,32.75139997723082,33.127193450927734,99100,0.0,0.0,0.0
2025-07-24 00:00:00-04:00,33.11727934594596,33.11727934594596,32.62944342090552,32.6512565612793,109900,0.0,0.0,0.0
2025-07-25 00:00:00-04:00,32.90905183648081,32.90905183648081,32.52235371472169,32.82973098754883,129100,0.0,0.0,0.0
2025-07-28 00:00:00-04:00,32.91897363797302,32.93880479841699,32.671089806034075,32.889225006103516,93400,0.0,0.0,0.0
2025-07-29 00:00:00-04:00,33.018123689802465,33.101412289258604,32.72066386568669,32.80990219116211,126600,0.0,0.0,0.0
2025-07-30 00:00:00-04:00,32.87930462734595,33.29575134712336,32.57688611131901,32.84955978393555,87900,0.0,0.0,0.0
2025-07-31 00:00:00-04:00,32.86939320044178,32.89913804589744,32.39345297871161,32.46286392211914,214800,0.0,0.0,0.0
2025-08-01 00:00:00-04:00,32.04641702621581,32.04641702621581,31.447529680902154,31.80845069885254,102000,0.0,0.0,0.0
2025-08-04 00:00:00-04:00,32.06624864196506,32.571929931640625,32.06624864196506,32.571929931640625,291500,0.0,0.0,0.0
2025-08-05 00:00:00-04:00,32.86939038968815,32.89814424215735,32.4331125208106,32.79006576538086,125000,0.0,0.0,0.0
2025-08-06 00:00:00-04:00,32.79998539967889,32.85947508942987,32.542184136069565,32.8198127746582,232200,0.0,0.0,0.0
2025-08-07 00:00:00-04:00,33.21642616501686,33.24617100792896,32.52631857613104,32.79006576538086,125700,0.0,0.0,0.0
2025-08-08 00:00:00-04:00,32.809903236618,33.06770075042431,32.79998954787457,32.92888641357422,227100,0.0,0.0,0.0
2025-08-11 00:00:00-04:00,32.869396919105554,33.076627435025664,32.790072279040636,32.879310607910156,104700,0.0,0.0,0.0
2025-08-12 00:00:00-04:00,33.06769641954977,33.86092758178711,33.022088161933475,33.86092758178711,102200,0.0,0.0,0.0
2025-08-13 00:00:00-04:00,34.21787767661758,34.505423788940334,34.00073349779649,34.49551010131836,169600,0.0,0.0,0.0
2025-08-14 00:00:00-04:00,34.23771439028622,34.23771439028622,33.77169534829737,34.04932403564453,129800,0.0,0.0,0.0
2025-08-15 00:00:00-04:00,34.25754211624624,34.25754211624624,33.74492008673554,33.95016860961914,152700,0.0,0.0,0.0
2025-08-18 00:00:00-04:00,33.89067402720808,34.14847151942661,33.89067402720808,34.039405822753906,179100,0.0,0.0,0.0
2025-08-19 00:00:00-04:00,34.108812656500376,34.19805097648613,33.71219706047333,33.722110748291016,152300,0.0,0.0,0.0
2025-08-20 00:00:00-04:00,33.75186505913522,33.791527381896934,33.38499424720027,33.64279556274414,174100,0.0,0.0,0.0
2025-08-21 00:00:00-04:00,33.5832953250181,33.850019285702764,33.46431216306769,33.81134796142578,169100,0.0,0.0,0.0
2025-08-22 00:00:00-04:00,34.128642765660395,35.194543955750355,33.87084525527924,35.16975784301758,713900,0.0,0.0,0.0
2025-08-25 00:00:00-04:00,34.97144629275053,35.100346925372754,34.7533073425293,34.7533073425293,230400,0.0,0.0,0.0
2025-08-26 00:00:00-04:00,34.89212451621373,35.06068747764442,34.82767608583523,35.00119400024414,436400,0.0,0.0,0.0
2025-08-27 00:00:00-04:00,34.981358827845575,35.27882239831336,34.94170029653543,35.25899124145508,240100,0.0,0.0,0.0
2025-08-28 00:00:00-04:00,35.52670705625313,35.52670705625313,35.100346629365326,35.42755126953125,1633600,0.0,0.0,0.0
2025-08-29 00:00:00-04:00,35.417643632981026,35.447388482876086,35.063663276638316,35.249080657958984,102000,0.0,0.0,0.0
2025-09-02 00:00:00-04:00,34.90203963226454,35.06068511222183,34.65415583343085,35.02102279663086,166000,0.0,0.0,0.0
2025-09-03 00:00:00-04:00,34.80288548530841,35.24808611016641,34.782063336001734,34.99127960205078,114100,0.0,0.0,0.0
2025-09-04 00:00:00-04:00,35.23916309951758,35.566367759657474,34.9218721274518,35.457298278808594,141200,0.0,0.0,0.0
2025-09-05 00:00:00-04:00,35.61594359709838,35.872753884129786,35.16777000660609,35.50687789916992,265100,0.0,0.0,0.0
2025-09-08 00:00:00-04:00,35.77458934608219,35.77458934608219,35.39780493718578,35.61594009399414,200800,0.0,0.0,0.0
2025-09-09 00:00:00-04:00,35.70518010585045,35.72104730125799,35.16975398420452,35.37797546386719,360800,0.0,0.0,0.0
2025-09-10 00:00:00-04:00,35.94315480927101,35.94315480927101,35.29865534800403,35.38789367675781,425500,0.0,0.0,0.0
2025-09-11 00:00:00-04:00,35.655608816548394,36.12163162231445,35.51679447842413,36.12163162231445,290000,0.0,0.0,0.0
2025-09-12 00:00:00-04:00,36.13154303281413,36.13154303281413,35.695268885875436,35.725013732910156,324200,0.0,0.0,0.0
2025-09-15 00:00:00-04:00,35.804338000313905,35.972897174987736,35.732945072794635,35.82416915893555,248800,0.0,0.0,0.0
2025-09-16 00:00:00-04:00,35.99273108490726,35.99273108490726,35.51679458882733,35.70518493652344,473700,0.0,0.0,0.0
2025-09-17 00:00:00-04:00,35.91340547696887,36.587649702843756,35.566365894070785,35.744842529296875,367800,0.0,0.0,0.0
2025-09-18 00:00:00-04:00,36.16129253225917,36.81570565961512,36.03933260463171,36.6768913269043,605500,0.0,0.0,0.0
2025-09-19 00:00:00-04:00,36.93703792249895,36.93703792249895,36.31645598088348,36.41078186035156,506300,0.052,0.0,0.0
2025-09-22 00:00:00-04:00,36.430636871259324,36.74837448688759,36.251908989002025,36.70866012573242,204200,0.0,0.0,0.0
2025-09-23 00:00:00-04:00,36.91717642962954,37.06611760096176,36.45645572938554,36.52993392944336,225400,0.0,0.0,0.0
2025-09-24 00:00:00-04:00,36.62922846973484,36.62922846973484,36.06822374961503,36.13276290893555,452800,0.0,0.0,0.0
2025-09-25 00:00:00-04:00,35.88453115282004,35.963967462926526,35.60849641434393,35.89446258544922,278500,0.0,0.0,0.0
2025-09-26 00:00:00-04:00,36.053328617854476,36.241984158107876,35.85474164574321,36.14269256591797,284700,0.0,0.0,0.0
2025-09-29 00:00:00-04:00,36.26184323409215,36.35219956779514,36.037439084428186,36.14269256591797,199600,0.0,0.0,0.0
2025-09-30 00:00:00-04:00,36.222126954895316,36.35120906160122,35.90240452680046,36.30156326293945,228800,0.0,0.0,0.0
2025-10-01 00:00:00-04:00,35.93417423620663,36.38099397744747,35.93417423620663,36.31148910522461,377700,0.0,0.0,0.0
2025-10-02 00:00:00-04:00,36.261844939157086,36.49021864211738,36.09105990784705,36.45050048828125,2220100,0.0,0.0,0.0
2025-10-03 00:00:00-04:00,36.668941497802734,36.986679109280075,36.55971848365782,36.668941497802734,704800,0.0,0.0,0.0
2025-10-06 00:00:00-04:00,37.04625836575777,37.07604508480316,36.61929771669437,36.678871154785156,485000,0.0,0.0,0.0
2025-10-07 00:00:00-04:00,36.86753463385767,36.86753463385767,36.04836567814363,36.38099670410156,562700,0.0,0.0,0.0
2025-10-08 00:00:00-04:00,36.49021454349018,36.748374938964844,36.24694750709831,36.748374938964844,2884200,0.0,0.0,0.0
2025-10-09 00:00:00-04:00,36.87745779663559,36.87745779663559,36.34127413212927,36.49021530151367,225600,0.0,0.0,0.0
2025-10-10 00:00:00-04:00,36.54979505615873,36.73845060106734,35.249053955078125,35.249053955078125,501500,0.0,0.0,0.0
2025-10-13 00:00:00-04:00,36.003680329726336,36.222126385683296,35.79516570598465,36.09304428100586,1091600,0.0,0.0,0.0
2025-10-14 00:00:00-04:00,35.79516923166429,36.87746439810393,35.63630039015627,36.55972671508789,661300,0.0,0.0,0.0
2025-10-15 00:00:00-04:00,37.07604612481868,37.30938553116979,36.5696529481857,36.92710494995117,453900,0.0,0.0,0.0
2025-10-16 00:00:00-04:00,37.15547702922103,37.23491332910078,36.31148717552058,36.47035598754883,239100,0.0,0.0,0.0
2025-10-17 00:00:00-04:00,36.37106766327719,36.559723210818994,35.8944611844361,36.261844635009766,212400,0.0,0.0,0.0
2025-10-20 00:00:00-04:00,36.778167325514175,37.016468658486914,36.579580356215956,36.90724563598633,348300,0.0,0.0,0.0
2025-10-21 00:00:00-04:00,36.94696044921875,37.08597017884849,36.572626564754216,36.94696044921875,657700,0.0,0.0,0.0
2025-10-22 00:00:00-04:00,36.90724561471625,37.022426738634486,36.04339665465797,36.420711517333984,462900,0.0,0.0,0.0
2025-10-23 00:00:00-04:00,36.71858678086545,37.08597017884849,36.56964940814689,36.94696044921875,287200,0.0,0.0,0.0
2025-10-24 00:00:00-04:00,37.592373513460885,37.73039088112268,37.3937865281944,37.483150482177734,566700,0.0,0.0,0.0
2025-10-27 00:00:00-04:00,37.83067352587752,37.88032311123465,37.411659509204725,37.53279495239258,353800,0.0,0.0,0.0
2025-10-28 00:00:00-04:00,37.47321987224966,37.53279331170354,37.11576408460073,37.39378356933594,419800,0.0,0.0,0.0
2025-10-29 00:00:00-04:00,37.25477316487026,37.73137961068803,36.80795343825005,37.0164680480957,456700,0.0,0.0,0.0
2025-10-30 00:00:00-04:00,36.897319724197,37.32428040252644,36.68086222801619,36.72852325439453,506200,0.0,0.0,0.0
2025-10-31 00:00:00-04:00,36.788093200970614,37.11576225272021,36.549791879453835,36.91717529296875,243200,0.0,0.0,0.0
2025-11-03 00:00:00-05:00,36.97675408300449,36.97675408300449,36.42071132970085,36.88739013671875,268200,0.0,0.0,0.0
2025-11-04 00:00:00-05:00,36.52000818760793,36.73845426286675,36.2022705078125,36.2022705078125,359200,0.0,0.0,0.0
2025-11-05 00:00:00-05:00,36.44057385183357,36.89732127039027,36.30156409729298,36.698734283447266,276200,0.0,0.0,0.0
2025-11-06 00:00:00-05:00,36.72852094698276,36.89731740618085,36.11687430332943,36.212196350097656,279700,0.0,0.0,0.0
2025-11-07 00:00:00-05:00,36.05332855759516,36.480289221214754,35.67402891871187,36.46043014526367,622200,0.0,0.0,0.0
2025-11-10 00:00:00-05:00,36.96682357788086,37.115764754667275,36.56965341933619,36.96682357788086,172400,0.0,0.0,0.0
2025-11-11 00:00:00-05:00,36.976753446614744,37.165408979868275,36.74837597513507,36.99660873413086,285900,0.0,0.0,0.0
2025-11-12 00:00:00-05:00,37.215053230506555,37.43349926143611,36.93703376403705,37.026397705078125,208000,0.0,0.0,0.0
2025-11-13 00:00:00-05:00,36.887393072113085,36.94696651589001,35.82396089036846,36.00368118286133,325200,0.0,0.0,0.0
2025-11-14 00:00:00-05:00,35.5270698880834,36.21219470069162,35.268909495265305,36.073184967041016,187600,0.0,0.0,0.0
2025-11-17 00:00:00-05:00,36.023537401295805,36.14269185485722,35.11997029431094,35.278839111328125,336000,0.0,0.0,0.0
2025-11-18 00:00:00-05:00,34.971036924401574,35.527075953941555,34.921387335851094,35.298702239990234,597900,0.0,0.0,0.0
2025-11-19 00:00:00-05:00,35.427779195440394,35.72565774472504,35.11996921479854,35.34834289550781,570700,0.0,0.0,0.0
2025-11-20 00:00:00-05:00,36.03347153255555,36.192340361475054,34.62350736162978,34.69301223754883,349000,0.0,0.0,0.0
2025-11-21 00:00:00-05:00,34.802233304885355,35.85474160445092,34.583791044772845,35.65615463256836,928900,0.0,0.0,0.0
2025-11-24 00:00:00-05:00,35.76537800582159,36.361135139556765,35.50721380353326,36.33134841918945,311300,0.0,0.0,0.0
2025-11-25 00:00:00-05:00,36.52000437547949,37.21505689787863,36.291630678698475,37.17533874511719,453500,0.0,0.0,0.0
2025-11-26 00:00:00-05:00,37.31435377100268,37.721455383747944,37.13959540696094,37.46329116821289,536100,0.0,0.0,0.0
2025-11-28 00:00:00-05:00,37.73137950807303,37.73137950807303,37.45336002903494,37.65194320678711,109300,0.0,0.0,0.0
2025-12-01 00:00:00-05:00,37.2448400366963,37.51293186045599,37.11576173423254,37.195194244384766,229500,0.0,0.0,0.0
2025-12-02 00:00:00-05:00,37.5625819237018,37.5625819237018,37.23491287231445,37.23491287231445,236800,0.0,0.0,0.0
2025-12-03 00:00:00-05:00,37.38385833364105,37.82074666461706,37.2349171499486,37.76116943359375,342700,0.0,0.0,0.0
2025-12-04 00:00:00-05:00,37.781028433891,38.198061474744144,37.622159605883056,38.07890701293945,403800,0.0,0.0,0.0
2025-12-05 00:00:00-05:00,38.188125891642066,38.188125891642066,37.790955758657326,37.8902473449707,249200,0.0,0.0,0.0
2025-12-08 00:00:00-05:00,38.25763643149693,38.25763643149693,37.7413117731109,37.88032531738281,780500,0.0,0.0,0.0
2025-12-09 00:00:00-05:00,37.79095360466805,38.221883761492904,37.74130402661004,38.02925491333008,484100,0.0,0.0,0.0
2025-12-10 00:00:00-05:00,38.049118087153744,38.754098233866,37.90613501391016,38.5356559753418,470000,0.0,0.0,0.0
2025-12-11 00:00:00-05:00,38.57536813023393,39.00232876652117,38.41649932052691,38.992401123046875,437500,0.0,0.0,0.0
2025-12-12 00:00:00-05:00,39.081766335162776,39.081766335162776,38.33706805526327,38.45621871948242,635400,0.0,0.0,0.0
2025-12-15 00:00:00-05:00,38.754100960802894,38.754100960802894,38.05110553588655,38.11862564086914,341700,0.0,0.0,0.0
2025-12-16 00:00:00-05:00,37.98954500970179,38.20799107982059,37.65790636156541,37.920040130615234,318200,0.0,0.0,0.0
2025-12-17 00:00:00-05:00,38.11862130890472,38.27352057848088,37.48215367560093,37.592369079589844,562700,0.0,0.0,0.0
2025-12-18 00:00:00-05:00,38.13847937517992,38.21791567290907,37.68272441199267,37.83066940307617,904200,0.0,0.0,0.0
2025-12-19 00:00:00-05:00,37.98392413276895,38.222755832636224,37.914265677828716,38.17300033569336,771900,0.084,0.0,0.0
2025-12-22 00:00:00-05:00,38.40187678321959,38.78201453137334,38.212804385629305,38.60090255737305,921800,0.0,0.0,0.0
2025-12-23 00:00:00-05:00,38.51134144026432,38.590949472867635,38.24265721253887,38.37202453613281,488400,0.0,0.0,0.0
2025-12-24 00:00:00-05:00,38.43172881547633,38.471534729003906,38.21280388327637,38.471534729003906,291400,0.0,0.0,0.0
2025-12-26 00:00:00-05:00,38.531242652372725,38.531242652372725,38.13319111908097,38.302364349365234,324400,0.0,0.0,0.0
2025-12-29 00:00:00-05:00,38.15309433907668,38.203844410462374,37.934165614642865,38.073482513427734,351300,0.0,0.0,0.0
2025-12-30 00:00:00-05:00,38.10333958684419,38.16802134936582,37.834655364206824,37.8844108581543,335300,0.0,0.0,0.0
2025-12-31 00:00:00-05:00,37.90431149799399,37.93914072123831,37.54606588970915,37.595821380615234,245300,0.0,0.0,0.0
2026-01-02 00:00:00-05:00,37.91426042737003,37.91426042737003,37.51621271084863,37.87445831298828,505000,0.0,0.0,0.0
2026-01-05 00:00:00-05:00,38.11328954722026,38.60587539558324,38.03368151533071,38.5113410949707,513200,0.0,0.0,0.0
2026-01-06 00:00:00-05:00,38.511341414296226,39.048709869384766,38.30236605823988,39.048709869384766,559700,0.0,0.0,0.0
2026-01-07 00:00:00-05:00,39.04870767684817,39.04870767684817,38.67055910419241,38.93924331665039,638600,0.0,0.0,0.0
2026-01-08 00:00:00-05:00,38.799927863680914,39.26763406178595,38.571045758698695,39.2377815246582,433400,0.0,0.0,0.0
2026-01-09 00:00:00-05:00,39.436807460876096,39.71544126483265,39.19797577455557,39.506465911865234,669500,0.0,0.0,0.0
2026-01-12 00:00:00-05:00,39.347243141854676,39.59602439015254,39.15816696364392,39.5860710144043,578900,0.0,0.0,0.0
2026-01-13 00:00:00-05:00,39.75524592500742,39.80500141755922,39.46665875366593,39.56616973876953,692200,0.0,0.0,0.0
2026-01-14 00:00:00-05:00,39.6457829228236,39.71544137400422,39.30744024733165,39.68558883666992,443800,0.0,0.0,0.0
2026-01-15 00:00:00-05:00,39.84480433547831,40.34236681580316,39.84480433547831,40.143341064453125,732200,0.0,0.0,0.0
2026-01-16 00:00:00-05:00,40.262757970752055,40.32246683939748,39.95427163966921,40.15329360961914,525800,0.0,0.0,0.0
2026-01-20 00:00:00-05:00,39.53631855779666,39.98412559831556,39.32734320425481,39.68558883666992,737200,0.0,0.0,0.0
2026-01-21 00:00:00-05:00,40.00402941375467,40.57125041188462,39.79505405572805,40.4418830871582,745000,0.0,0.0,0.0
2026-01-22 00:00:00-05:00,40.77027517058114,41.07876151155026,40.670760386316196,40.85983657836914,1324800,0.0,0.0,0.0
2026-01-23 00:00:00-05:00,40.71056671895417,40.777241435292744,40.043834739972,40.13339614868164,921300,0.0,0.0,0.0
2026-01-26 00:00:00-05:00,40.16324655029761,40.52547047962376,40.08363472630025,40.11349105834961,845300,0.0,0.0,0.0
2026-01-27 00:00:00-05:00,40.16324609531491,40.190114895804605,39.7353420364283,40.07368469238281,594700,0.0,0.0,0.0
2026-01-28 00:00:00-05:00,40.28266376556693,40.42198067278943,39.8050041710465,39.89456558227539,565000,0.0,0.0,0.0
2026-01-29 00:00:00-05:00,40.03387872129082,40.08363421260116,39.299477496000335,39.98412322998047,626700,0.0,0.0,0.0
2026-01-30 00:00:00-05:00,39.49651208280861,39.91446658005517,39.16314610030892,39.46665954589844,746900,0.0,0.0,0.0
2026-02-02 00:00:00-05:00,39.36714756581406,40.07866211433252,39.312415385458735,39.884613037109375,1289500,0.0,0.0,0.0
2026-02-03 00:00:00-05:00,40.07368536803778,40.22295184470751,39.197974279725926,39.79505157470703,1405700,0.0,0.0,0.0
2026-02-04 00:00:00-05:00,40.01397666626584,40.02393004241236,38.81982586743376,39.38705062866211,1085300,0.0,0.0,0.0
2026-02-05 00:00:00-05:00,38.94919361469941,39.48656204952243,38.555124188382685,38.75016784667969,1002800,0.0,0.0,0.0
2026-02-06 00:00:00-05:00,39.39699779151196,40.321469740783954,39.37411110154037,40.18314743041992,549500,0.0,0.0,0.0
2026-02-09 00:00:00-05:00,40.15329467986243,40.61105509281033,39.95924559671855,40.501590728759766,689800,0.0,0.0,0.0
2026-02-10 00:00:00-05:00,40.58119656071259,40.70061429471564,40.3224657292406,40.39212417602539,523400,0.0,0.0,0.0
2026-02-11 00:00:00-05:00,40.74041969586255,40.79017898709414,39.69553911371533,40.17319869995117,641600,0.0,0.0,0.0
2026-02-12 00:00:00-05:00,40.581198487784256,40.581198487784256,39.119361818153294,39.377098083496094,835700,0.0,0.0,0.0
2026-02-13 00:00:00-05:00,39.43680601424797,40.13339429468785,39.10841293211604,39.884613037109375,733400,0.0,0.0,0.0
2026-02-17 00:00:00-05:00,39.65573003559111,40.0139756457138,39.21787639883041,39.80500030517578,671000,0.0,0.0,0.0
2026-02-18 00:00:00-05:00,39.89456015166942,40.42197517038963,39.75524326341129,40.004024505615234,893900,0.0,0.0,0.0
2026-02-19 00:00:00-05:00,39.814952183146794,40.12841900814824,39.49651246601262,40.093589782714844,384200,0.0,0.0,0.0
2026-02-20 00:00:00-05:00,39.87465981480864,40.466760424881706,39.80898347578934,40.15329360961914,571400,0.0,0.0,0.0
2026-02-23 00:00:00-05:00,40.043836907665025,40.05378648868207,39.07856431666369,39.47661209106445,487800,0.0,0.0,0.0
2026-02-24 00:00:00-05:00,39.456709344068514,39.93436890761087,39.35818914083544,39.83485412597656,478300,0.0,0.0,0.0
2026-02-25 00:00:00-05:00,40.23290594486961,40.362273263858796,39.904512857304915,40.28266143798828,476500,0.0,0.0,0.0
2026-02-26 00:00:00-05:00,40.36227550379306,40.53642163742318,39.95427436381632,40.481689453125,444200,0.0,0.0,0.0
2026-02-27 00:00:00-05:00,39.93436761907578,39.95924346660613,39.536316097583764,39.80500030517578,514200,0.0,0.0,0.0
2026-03-02 00:00:00-05:00,39.21787952747948,40.24186257390578,39.20792994689373,40.17319869995117,582100,0.0,0.0,0.0
2026-03-03 00:00:00-05:00,39.10841685581594,39.70549421156876,38.481486960910864,39.47661209106445,631000,0.0,0.0,0.0
2026-03-04 00:00:00-05:00,39.75524654872541,40.013977391714434,39.36714838619148,39.87466049194336,831100,0.0,0.0,0.0
2026-03-05 00:00:00-05:00,39.426850418668195,39.6666766611191,38.64070457401137,39.09846115112305,398300,0.0,0.0,0.0
2026-03-06 00:00:00-05:00,38.30236423439409,38.491436624284724,37.954068194784085,38.12324142456055,761700,0.0,0.0,0.0
2026-03-09 00:00:00-04:00,37.645582070459554,38.590947821205546,37.03855518892318,38.481483459472656,699300,0.0,0.0,0.0
2026-03-10 00:00:00-04:00,38.43173049573518,39.0905058662858,38.27251063076454,38.45163345336914,470800,0.0,0.0,0.0
2026-03-11 00:00:00-04:00,38.30236518060293,38.590948562596495,38.01377800250854,38.29241180419922,283400,0.0,0.0,0.0
2026-03-12 00:00:00-04:00,37.824703025552,37.844605982897235,37.37689977163755,37.466461181640625,2528100,0.0,0.0,0.0
2026-03-13 00:00:00-04:00,37.73513940804137,37.91426221756884,37.20772435559978,37.35699462890625,2180800,0.0,0.0,0.0
2026-03-16 00:00:00-04:00,37.814752297376046,38.05358398217016,37.63562948280567,37.70528793334961,556000,0.0,0.0,0.0
2026-03-17 00:00:00-04:00,37.98392318385727,38.22275487775807,37.824703319957074,38.00382614135742,458500,0.0,0.0,0.0
2026-03-18 00:00:00-04:00,37.78490134285693,37.96402416492949,37.45153154860459,37.506263732910156,507500,0.0,0.0,0.0
2026-03-19 00:00:00-04:00,37.06840646243498,38.08343442378407,36.96889548030494,37.77494430541992,417800,0.0,0.0,0.0
2026-03-20 00:00:00-04:00,37.74601996289491,37.755993452394534,36.668700446230865,36.95798110961914,695300,0.091,0.0,0.0
2026-03-23 00:00:00-04:00,37.70611597392931,38.37445388419098,37.4567368949943,37.765968322753906,529900,0.0,0.0,0.0
2026-03-24 00:00:00-04:00,37.52656395258393,38.28467850811574,37.37693878349259,38.065223693847656,484300,0.0,0.0,0.0
2026-03-25 00:00:00-04:00,38.554006445636595,38.68368082463593,38.17494918687675,38.524078369140625,855100,0.0,0.0,0.0
2026-03-26 00:00:00-04:00,38.164975030343804,38.53405883076087,37.82581930888297,37.89564895629883,349700,0.0,0.0,0.0
2026-03-27 00:00:00-04:00,37.61633907139374,37.726066474138456,37.132543053049915,37.23728561401367,398500,0.0,0.0,0.0
2026-03-30 00:00:00-04:00,37.606367199257996,37.606367199257996,36.548998497162735,36.69862747192383,437300,0.0,0.0,0.0
2026-03-31 00:00:00-04:00,37.25723343776419,38.07519652470058,37.10760827125992,37.90562057495117,649400,0.0,0.0,0.0
2026-04-01 00:00:00-04:00,38.25474905609307,38.68368137481645,38.179938376845875,38.19490051269531,747600,0.0,0.0,0.0
2026-04-02 00:00:00-04:00,37.466715266696774,38.62383407402746,37.466715266696774,38.49415588378906,387100,0.0,0.0,0.0
2026-04-06 00:00:00-04:00,38.46423016181487,38.6786963199954,38.32457468246951,38.6038818359375,518500,0.0,0.0,0.0
2026-04-07 00:00:00-04:00,38.4542534415801,38.83331070929922,38.25474941618989,38.743534088134766,499700,0.0,0.0,0.0
2026-04-08 00:00:00-04:00,40.03033162091862,40.15900903642784,39.59142199782618,39.8009033203125,937500,0.0,0.0,0.0
2026-04-09 00:00:00-04:00,39.611373669965616,40.10813791224209,39.58144939689163,40.020355224609375,792700,0.0,0.0,0.0
2026-04-10 00:00:00-04:00,40.120108243349094,40.14005902669174,39.68119862025665,39.8009033203125,368400,0.0,0.0,0.0
2026-04-13 00:00:00-04:00,39.67122405082948,40.48918711948801,39.62134899644254,40.45926284790039,823700,0.0,0.0,0.0
2026-04-14 00:00:00-04:00,40.80839239878517,41.17747237081652,40.69866499501897,41.007896423339844,773100,0.0,0.0,0.0
2026-04-15 00:00:00-04:00,41.08769657536377,41.207401275634766,40.88320770487414,41.207401275634766,711500,0.0,0.0,0.0
2026-04-16 00:00:00-04:00,41.217373304949064,41.322112060059595,41.03283141915086,41.31712341308594,620000,0.0,0.0,0.0
2026-04-17 00:00:00-04:00,41.89568647102467,42.494194755664445,41.80590984780641,42.204917907714844,578800,0.0,0.0,0.0
2026-04-20 00:00:00-04:00,42.03533671576251,42.60392070833142,42.03533671576251,42.54905700683594,359000,0.0,0.0,0.0
2026-04-21 00:00:00-04:00,42.68372332016334,42.992950937313026,42.115139334514815,42.19493865966797,477600,0.0,0.0,0.0
2026-04-22 00:00:00-04:00,42.69369805731262,42.74357311264465,42.23484145990151,42.49419403076172,455300,0.0,0.0,0.0
2026-04-23 00:00:00-04:00,42.52412136224259,42.633848765182044,41.70615829243194,42.314640045166016,1045300,0.0,0.0,0.0
2026-04-24 00:00:00-04:00,42.62387159446158,42.91315223846196,42.34456824451516,42.80342483520508,471500,0.0,0.0,0.0
2026-04-27 00:00:00-04:00,42.8632790570909,42.99295344367726,42.66377502474346,42.793453216552734,360300,0.0,0.0,0.0
2026-04-28 00:00:00-04:00,42.67374890341592,42.91914012116608,42.244816561782855,42.42436981201172,779400,0.0,0.0,0.0
2026-04-29 00:00:00-04:00,42.55404646389407,42.61389881354377,42.25479232609121,42.51414489746094,506600,0.0,0.0,0.0
2026-04-30 00:00:00-04:00,42.62387187043966,43.38697124592898,42.47424670566647,43.33210754394531,2304100,0.0,0.0,0.0
2026-05-01 00:00:00-04:00,43.49171164852726,43.84982117752262,43.202434796930646,43.731117248535156,448400,0.0,0.0,0.0
2026-05-04 00:00:00-04:00,43.66129091929053,44.0802459580867,43.33709734580899,43.61141586303711,589600,0.0,0.0,0.0
2026-05-05 00:00:00-04:00,43.93062194629444,44.44035059025412,43.93062194629444,44.359554290771484,335600,0.0,0.0,0.0
2026-05-06 00:00:00-04:00,44.76853263047316,44.99796092295411,44.509176261426724,44.96803665161133,475300,0.0,0.0,0.0
2026-05-07 00:00:00-04:00,45.02788560837647,45.02788560837647,44.050320081554645,44.15007019042969,987500,0.0,0.0,0.0
2026-05-08 00:00:00-04:00,44.41939926147461,44.52413801549937,44.19994826480388,44.41939926147461,520600,0.0,0.0,0.0
2026-05-11 00:00:00-04:00,44.5291291945196,44.808432554467885,44.5291291945196,44.56903076171875,470300,0.0,0.0,0.0
2026-05-12 00:00:00-04:00,44.369524583327824,44.369524583327824,43.45181141350473,44.05031967163086,639600,0.0,0.0,0.0
2026-05-13 00:00:00-04:00,44.12014729827313,44.16004886515981,43.631366422191356,44.0203971862793,504000,0.0,0.0,0.0
2026-05-14 00:00:00-04:00,44.18997419893503,44.50917913124843,43.96054589166122,44.27975082397461,956500,0.0,0.0,0.0
2026-05-15 00:00:00-04:00,43.70119329199336,43.70119329199336,43.29221173481935,43.34208679199219,403800,0.0,0.0,0.0
2026-05-18 00:00:00-04:00,43.541590409114455,43.61141624953263,42.95305560757347,43.242332458496094,897800,0.0,0.0,0.0
2026-05-19 00:00:00-04:00,42.953053972289716,43.132607213735724,42.4842200857115,42.843326568603516,487600,0.0,0.0,0.0
2026-05-20 00:00:00-04:00,43.14258141391129,44.00044606935882,42.90317581962854,43.94059371948242,1026100,0.0,0.0,0.0
2026-05-21 00:00:00-04:00,43.691214253577016,44.50419249341542,43.461785955560764,44.30967330932617,500500,0.0,0.0,0.0
2026-05-22 00:00:00-04:00,44.55905209965582,44.8882343111109,44.449328501060236,44.698707580566406,538700,0.0,0.0,0.0
2026-05-26 00:00:00-04:00,45.19746732562859,45.56654731078694,45.017914077665516,45.54659652709961,509200,0.0,0.0,0.0
2026-05-27 00:00:00-04:00,45.73612138634246,45.81592451781501,45.416916470897725,45.55656814575195,684400,0.0,0.0,0.0
2026-05-28 00:00:00-04:00,45.506695611488325,45.82091570253552,45.15756640501695,45.706199645996094,540200,0.0,0.0,0.0
2026-05-29 00:00:00-04:00,45.62639925466145,45.62639925466145,45.1575653552505,45.44684600830078,435100,0.0,0.0,0.0
2026-06-01 00:00:00-04:00,45.15756663944039,45.52664663180082,44.8882367622402,45.297218322753906,587500,0.0,0.0,0.0
2026-06-02 00:00:00-04:00,45.2473428663499,45.726150264300024,45.23337769814165,45.666297912597656,468300,0.0,0.0,0.0
2026-06-03 00:00:00-04:00,45.53662260725503,45.53662260725503,44.8682846783297,44.97801208496094,820100,0.0,0.0,0.0
2026-06-04 00:00:00-04:00,44.938111423722084,45.805949594680236,44.89322501386252,45.666297912597656,312600,0.0,0.0,0.0
2026-06-05 00:00:00-04:00,45.24734258623314,45.2872441537877,43.98049635554786,44.199951171875,668800,0.0,0.0,0.0
2026-06-08 00:00:00-04:00,44.828383086980644,44.948087787907625,44.49920467248861,44.509178161621094,526900,0.0,0.0,0.0
2026-06-09 00:00:00-04:00,44.93811180919817,45.586498973255345,43.58647758141474,44.82838439941406,1051100,0.0,0.0,0.0
2026-06-10 00:00:00-04:00,44.698708376812625,45.43686833437545,44.349575376150995,44.429378509521484,653500,0.0,0.0,0.0
2026-06-11 00:00:00-04:00,44.798458234366215,45.82589883673883,44.7186589066709,45.756072998046875,1172900,0.0,0.0,0.0
2026-06-12 00:00:00-04:00,45.975529699355874,46.60396607865434,45.76605217466405,46.214935302734375,479600,0.0,0.0,0.0
2026-06-15 00:00:00-04:00,46.90321974075485,46.99299636543445,46.44436312804708,46.564064025878906,582700,0.0,0.0,0.0
2026-06-16 00:00:00-04:00,46.633890101598574,46.87329570369097,46.08525686144789,46.15508270263672,568500,0.0,0.0,0.0
2026-06-17 00:00:00-04:00,46.26481051593827,46.6837655667318,45.676275702759526,45.78600311279297,577400,0.0,0.0,0.0
2026-06-18 00:00:00-04:00,46.5,46.86000061035156,46.119998931884766,46.77000045776367,810300,0.114,0.0,0.0
2026-06-22 00:00:00-04:00,47.04999923706055,47.41999816894531,46.8849983215332,47.209999084472656,753000,0.0,0.0,0.0
2026-06-23 00:00:00-04:00,46.380001068115234,47.18000030517578,46.310001373291016,46.84000015258789,747400,0.0,0.0,0.0
2026-06-24 00:00:00-04:00,47.0,47.709999084472656,46.88999938964844,47.16999816894531,536700,0.0,0.0,0.0
2026-06-25 00:00:00-04:00,47.65999984741211,48.04499816894531,47.279998779296875,47.56999969482422,799200,0.0,0.0,0.0
2026-06-26 00:00:00-04:00,47.22999954223633,47.79499816894531,47.150001525878906,47.61000061035156,976500,0.0,0.0,0.0
2026-06-29 00:00:00-04:00,47.70000076293945,47.869998931884766,47.13999938964844,47.86000061035156,775100,0.0,0.0,0.0
2026-06-30 00:00:00-04:00,47.91999816894531,48.369998931884766,47.72999954223633,48.290000915527344,707800,0.0,0.0,0.0
2026-07-01 00:00:00-04:00,48.22999954223633,48.61899948120117,48.0099983215332,48.119998931884766,1208900,0.0,0.0,0.0
2026-07-02 00:00:00-04:00,48.31999969482422,48.470001220703125,47.150001525878906,47.59000015258789,751700,0.0,0.0,0.0
2026-07-06 00:00:00-04:00,47.65999984741211,48.13999938964844,47.65999984741211,47.790000915527344,928900,0.0,0.0,0.0
2026-07-07 00:00:00-04:00,47.77000045776367,47.869998931884766,47.145999908447266,47.369998931884766,1191200,0.0,0.0,0.0
2026-07-08 00:00:00-04:00,47.040000915527344,47.18000030517578,46.45500183105469,47.0,1002500,0.0,0.0,0.0
2026-07-09 00:00:00-04:00,47.29999923706055,47.83000183105469,47.23899841308594,47.779998779296875,614200,0.0,0.0,0.0
2026-07-10 00:00:00-04:00,47.84000015258789,47.845001220703125,47.18000030517578,47.529998779296875,2183300,0.0,0.0,0.0
2026-07-13 00:00:00-04:00,47.369998931884766,47.56999969482422,47.0,47.130001068115234,893700,0.0,0.0,0.0
2026-07-14 00:00:00-04:00,47.459999084472656,47.56399917602539,47.209999084472656,47.33000183105469,571900,0.0,0.0,0.0
2026-07-15 00:00:00-04:00,47.459999084472656,47.68000030517578,47.2400016784668,47.560001373291016,1592000,0.0,0.0,0.0
2026-07-16 00:00:00-04:00,47.459999084472656,47.90999984741211,47.31999969482422,47.540000915527344,910900,0.0,0.0,0.0
2026-07-17 00:00:00-04:00,47.0,47.54999923706055,46.81999969482422,47.220001220703125,798100,0.0,0.0,0.0
2026-07-20 00:00:00-04:00,47.349998474121094,47.52000045776367,46.91999816894531,46.93000030517578,899800,0.0,0.0,0.0
2026-07-21 00:00:00-04:00,47.209999084472656,47.689998626708984,47.06999969482422,47.63999938964844,837200,0.0,0.0,0.0
2026-07-22 00:00:00-04:00,47.459999084472656,47.529998779296875,47.040000915527344,47.099998474121094,612500,0.0,0.0,0.0
2026-07-23 00:00:00-04:00,46.63999938964844,46.93000030517578,46.48500061035156,46.779998779296875,911100,0.0,0.0,0.0
2026-07-24 00:00:00-04:00,47.0,47.130001068115234,46.59000015258789,46.720001220703125,854600,0.0,0.0,0.0
2026-07-27 00:00:00-04:00,47.150001525878906,47.43000030517578,46.77000045776367,47.06999969482422,875600,0.0,0.0,0.0
2026-07-28 00:00:00-04:00,47.130001068115234,47.130001068115234,46.56999969482422,47.11000061035156,886000,0.0,0.0,0.0
2026-07-29 00:00:00-04:00,46.900001525878906,47.17499923706055,46.29399871826172,46.380001068115234,663900,0.0,0.0,0.0
2026-07-30 00:00:00-04:00,46.689998626708984,46.8849983215332,46.2400016784668,46.83000183105469,848900,0.0,0.0,0.0
2026-07-31 00:00:00-04:00,47.0099983215332,47.029998779296875,46.14500045776367,46.630001068115234,880100,0.0,0.0,0.0
2026-08-03 00:00:00-04:00,46.93000030517578,47.529998779296875,46.85300064086914,47.459999084472656,1142400,0.0,0.0,0.0
2026-08-04 00:00:00-04:00,47.7599983215332,48.529998779296875,47.70000076293945,48.439998626708984,588200,0.0,0.0,0.0
2026-08-05 00:00:00-04:00,48.65999984741211,48.70000076293945,48.18000030517578,48.20000076293945,2680600,0.0,0.0,0.0
2026-08-06 00:00:00-04:00,48.099998474121094,48.29999923706055,47.75,47.83000183105469,858000,0.0,0.0,0.0
2026-08-07 00:00:00-04:00,48.22999954223633,48.439998626708984,48.15999984741211,48.31999969482422,595500,0.0,0.0,0.0
2026-08-10 00:00:00-04:00,48.2400016784668,48.400001525878906,48.10499954223633,48.130001068115234,536500,0.0,0.0,0.0
2026-08-11 00:00:00-04:00,48.310001373291016,48.529998779296875,48.16999816894531,48.16999816894531,642600,0.0,0.0,0.0
2026-08-12 00:00:00-04:00,48.40999984741211,48.59000015258789,48.18000030517578,48.40999984741211,1009400,0.0,0.0,0.0
2026-08-13 00:00:00-04:00,48.66999816894531,48.83000183105469,48.474998474121094,48.63999938964844,624400,0.0,0.0,0.0
2026-08-14 00:00:00-04:00,48.66999816894531,48.93000030517578,48.529998779296875,48.880001068115234,561400,0.0,0.0,0.0
2026-08-17 00:00:00-04:00,48.79999923706055,48.81999969482422,48.63999938964844,48.790000915527344,674900,0.0,0.0,0.0
2026-08-18 00:00:00-04:00,48.5,48.63999938964844,48.099998474121094,48.11000061035156,769700,0.0,0.0,0.0
2026-08-19 00:00:00-04:00,48.61000061035156,48.61000061035156,48.209999084472656,48.27000045776367,2642600,0.0,0.0,0.0
2026-08-20 00:00:00-04:00,47.90999984741211,48.005001068115234,47.5,47.560001373291016,986200,0.0,0.0,0.0
2026-08-21 00:00:00-04:00,47.869998931884766,47.98500061035156,47.63010025024414,47.939998626708984,461304,0.0,0.0,0.0
